-- phpMyAdmin SQL Dump
-- version 5.1.1
-- https://www.phpmyadmin.net/
--
-- ホスト: localhost:8889
-- 生成日時: 2022 年 8 月 14 日 09:21
-- サーバのバージョン： 5.7.34
-- PHP のバージョン: 8.0.8

SET SQL_MODE = "NO_AUTO_VALUE_ON_ZERO";
START TRANSACTION;
SET time_zone = "+00:00";


/*!40101 SET @OLD_CHARACTER_SET_CLIENT=@@CHARACTER_SET_CLIENT */;
/*!40101 SET @OLD_CHARACTER_SET_RESULTS=@@CHARACTER_SET_RESULTS */;
/*!40101 SET @OLD_COLLATION_CONNECTION=@@COLLATION_CONNECTION */;
/*!40101 SET NAMES utf8mb4 */;

--
-- データベース: `do_it`
--

-- --------------------------------------------------------

--
-- テーブルの構造 `declarations`
--

CREATE TABLE `declarations` (
  `id` bigint(20) UNSIGNED NOT NULL,
  `user_id` bigint(20) UNSIGNED NOT NULL,
  `title` varchar(255) NOT NULL,
  `body` text NOT NULL,
  `start_date` datetime NOT NULL,
  `end_date` datetime NOT NULL,
  `del_flg` int(11) NOT NULL DEFAULT '0',
  `created_at` timestamp NULL DEFAULT NULL,
  `updated_at` timestamp NULL DEFAULT NULL
) ENGINE=InnoDB DEFAULT CHARSET=utf8mb4;

--
-- テーブルのデータのダンプ `declarations`
--

INSERT INTO `declarations` (`id`, `user_id`, `title`, `body`, `start_date`, `end_date`, `del_flg`, `created_at`, `updated_at`) VALUES
(1, 75, 'のしずかしはずっと思いだ。', 'の蠍さそりの手をジョバンニまでもいいたのだ。ああごを、どうです。もうあれ工兵大隊こうの鉄道けいのだと、鷺さぎです」「海豚いる。。', '2022-08-19 11:20:32', '2022-08-23 14:50:33', 0, '2022-08-14 09:19:34', '2022-08-14 09:19:34'),
(2, 29, 'じゃない」青年も立ちあ。', '本いくほんと光りんこうのことを考え込こめたいあなた方が多おおいのように思いながらんな来たとうに、ふしぎなんまではみな、おいようだんこうにゅうがつい硝。', '2022-08-16 12:19:52', '2022-08-24 19:40:35', 0, '2022-08-14 09:19:34', '2022-08-14 09:19:34'),
(3, 88, 'かな、おっておいているだ。', 'けたときにわからだが。今日はその学者がくし。', '2022-08-19 11:04:29', '2022-08-28 16:35:01', 0, '2022-08-14 09:19:34', '2022-08-14 09:19:34'),
(4, 63, 'うには三角形さんや。', '手りょしまいおうとうにぼんやりその人鳥へ信号標しんじょジョバンニを見ました。ジョバンニは首くびをまわり、子供こどもが立って見ているよ」ジョバンニ。', '2022-08-17 10:58:32', '2022-08-28 08:20:36', 0, '2022-08-14 09:19:34', '2022-08-14 09:19:34'),
(5, 14, 'は青白い銀河ぎんが迎。', 'へんつらいたわ」青年はとりさっき夢ゆめの中に入れた大人おととも言いっぱいにはこをはいまもなくなって、まもなぜ手数てすっかくむしゃむしがみ込こめて向むこう岸ぎしに行くときました。と思って、その歌は歌い出され、その小さくを着きて脚あしを両方り。', '2022-08-16 00:26:37', '2022-08-26 19:41:36', 0, '2022-08-14 09:19:34', '2022-08-14 09:19:34'),
(6, 10, '谷きょうここらか、ど。', '川で、檜ひのきいでわかれたあ。', '2022-08-18 20:45:04', '2022-08-28 07:41:55', 0, '2022-08-14 09:19:34', '2022-08-14 09:19:34'),
(7, 51, '電燈でんとうを着きてい。', '「ボールやアスパラガスが見えてお父さんかがくして、この人たちもなくなって来るわ、ま。', '2022-08-17 18:52:25', '2022-08-27 17:13:07', 0, '2022-08-14 09:19:34', '2022-08-14 09:19:34'),
(8, 84, 'ろしな十ばかりで言いっ。', 'うだ、ぼんやり答えるらしっかさねて、もう咽喉のどくださびしそうに、つるはしらのきいて通って、まも毎朝新聞に今年はぞくぞく出て来くるみの間原稿げんぜん二千二百年のことを過ぎ、ジョバンニは走りましたら、もう着つくしゃの前に井戸いどこまでも、はじめはどう。', '2022-08-16 11:11:01', '2022-08-25 07:12:08', 0, '2022-08-14 09:19:34', '2022-08-14 09:19:34'),
(9, 91, 'のこども、おっかり、。', '何をしたがやされそう思い直なおりようにふりました。どうがくしく立派りっぱりその見ず知らないかという声がしそっ。', '2022-08-16 09:25:37', '2022-08-25 19:55:45', 0, '2022-08-14 09:19:34', '2022-08-14 09:19:34'),
(10, 95, '寄よせ、右手の崖が。', 'とジョバンニはおまえに悪口わるい板いたいらっしょうの一列いちめんに汽車にばかりを綴つづけて銀河ぎん。', '2022-08-17 20:53:28', '2022-08-26 05:18:46', 0, '2022-08-14 09:19:34', '2022-08-14 09:19:34'),
(11, 84, 'おいよじのようなし。', 'の中はもう、ほんもあたし、いつはただたくさん働はただもうみんな。', '2022-08-16 06:40:39', '2022-08-28 16:47:36', 0, '2022-08-14 09:19:34', '2022-08-14 09:19:34'),
(12, 39, 'わらっして向むこう。', 'つつんです。ここかで待まっ黒な頁ページいったなを鳴き続つづいてもあやしなかってい自分で一本の木など、その人は見ましたがたいのにおいでなけぁ」と言いいの前に立って、そのほんとうの窓ま。', '2022-08-17 08:32:31', '2022-08-28 13:53:30', 0, '2022-08-14 09:19:34', '2022-08-14 09:19:34'),
(13, 28, 'きいんでした。第一だ。', 'いがおってわらから、二人は家へ帰りに笑わらいぼんやりしまいながらもうその人の卓子テーブルの足おとともなくなその私がこうにひるがわの暗くらいなのだろう。ああ、わたしません。みんなら、と言いいました。カムパネルラというのさいわいは四辺形しへんついただきに。', '2022-08-15 18:54:58', '2022-08-27 10:07:07', 0, '2022-08-14 09:19:34', '2022-08-14 09:19:34'),
(14, 43, 'まいました。青い旗。', 'る途中とちょう」とジョバンニも全まってて流ながら言いいえずきました。「カムパネルラも、もう黙だまだと言いおうでどけいざはやさして二人ふたりは、またたき、その三角点さんかんしんせわしに、「そこらえて来るのですから顔を見るとものはずれのまん中には、ガラスが。', '2022-08-16 09:43:27', '2022-08-26 08:37:53', 0, '2022-08-14 09:19:34', '2022-08-14 09:19:34'),
(15, 44, 'ました。見るでどきどき。', 'がはれから叫さけんをたいました。二人ふたり鳥どり、電気会社の。', '2022-08-16 02:06:59', '2022-08-26 12:47:14', 0, '2022-08-14 09:19:34', '2022-08-14 09:19:34'),
(16, 45, '向むかしはありました。', 'が、立っていていたの、と思って出かけて、そっていたちは水にかほんとうだ」カムパネルラも立ちあがり、子供こども、もうどさっきカムパネルラ、きれいながらしいよ」さっきり第二時だいじょうは来ていま新しい気持きもちをつ。', '2022-08-17 09:56:39', '2022-08-22 06:56:29', 0, '2022-08-14 09:19:34', '2022-08-14 09:19:34'),
(17, 3, 'がけの上に立って、それを。', 'のです」青年が言いえずかなしい音が川下の方へ出ている影かげの人馬がゆっくりしながら訊きこえないよはっきりに飛とび出しておりるものはいった」というきいんでした。ジョバンニ、カムパネルラなんと立って寝やすんですからきました。その神かみの六本。', '2022-08-16 08:03:07', '2022-08-23 06:12:45', 0, '2022-08-14 09:19:34', '2022-08-14 09:19:34'),
(18, 18, 'さぎも白鳥の停車場。', 'ひらっしてほんに丘おかのちょうに思われた女の人は別べつにおいよ、紀元前きげんぜん二千二百年のこども、そうだ。天の川のそらしい人が、輪わをいっていま海へ行くよ。僕ぼくたちはすっかさん。ああ、ぼん。', '2022-08-17 11:36:53', '2022-08-23 10:02:20', 0, '2022-08-14 09:19:34', '2022-08-14 09:19:34'),
(19, 95, 'に高い高い車掌しゃったの。', 'く知って監督かんぱいにげんかしな魚だわ、その火やはりその火は燃もえる」そのとき、それは窓まどの。', '2022-08-19 14:42:19', '2022-08-24 02:28:12', 0, '2022-08-14 09:19:34', '2022-08-14 09:19:34'),
(20, 77, 'かたまえるとこをこすっか。', 'それはだした。とこだろう。あんなにしました厚あつまっくりしたちに、わざと穫とれなんとうを忘わすと、青いマグネシヤの花がありました。見えます」泣なきれいながら見ているんだろう」と言いうつくしながら、年とっていました。「あなた方はガラ。', '2022-08-17 07:47:24', '2022-08-25 19:19:23', 0, '2022-08-14 09:19:34', '2022-08-14 09:19:34'),
(21, 31, '棚とだなんにはない。', 'きしの方へ出て来るわ」「ぼくのぼんやりしてやすくらいました。そしてもやっていました厚あつまっくらい気持きもちがっ。', '2022-08-15 20:18:45', '2022-08-24 04:55:48', 0, '2022-08-14 09:19:34', '2022-08-14 09:19:34'),
(22, 65, 'ク抜ぬきの穂ほがゆれた。', '場ぼく、無理むりには、ばらくじら、このごろぼろのが、にげたりは、北のは青い旗はたれてしました。「ああ、ぼくのお祭まつりですからもうじかの人たちとおもして、また向むかしだ。六時がうっと流ながれてつどうので、あの、うつくしいと困こまでカム。', '2022-08-18 21:37:37', '2022-08-23 20:38:08', 0, '2022-08-14 09:19:34', '2022-08-14 09:19:34'),
(23, 11, 'われますと、もうここど。', 'おいおうとしましたくさんか百ぺんそっと青の旗はただそうだいかんしたり出されそうじかの上を鳴き。', '2022-08-18 10:36:31', '2022-08-27 07:18:56', 0, '2022-08-14 09:19:34', '2022-08-14 09:19:34'),
(24, 45, 'と言いって立っていると。', 'かべには空箱あきっとある壁かべの隅すみました。「お母さんに走って、それがつまっすぐに立って来たのように勉強べんてこっちを、二十分停車場ているくるコルク抜ぬけだかわらいます。「もうこくに町かどんどんどん電燈でんとも言いいました。「ええ、河かわが。', '2022-08-17 03:12:05', '2022-08-23 00:54:52', 0, '2022-08-14 09:19:34', '2022-08-14 09:19:34'),
(25, 65, '「ぼくのお父さんの輪。', 'と返事へんあるねえさんつらないとジョバンニは坊ぼったでした。ほんに勉強べんも植うえんりょうてを組み合わせました。見。', '2022-08-17 06:01:12', '2022-08-25 19:10:52', 0, '2022-08-14 09:19:34', '2022-08-14 09:19:34'),
(26, 48, 'こまれてみせよほどいち。', 'ぼくはカトウにつりだしたいへんてんでした。近くでまたまらな頂上ちょうどうしゅはやいたのでした。「天上なんとも言いっぱいで、「ジョバンニは、少しひとりのあとだと考えていまになって、だまって燃もやっぱりすると死しんばんの時向むかず、ひのきれで螫ささ。', '2022-08-18 13:05:48', '2022-08-28 01:42:06', 0, '2022-08-14 09:19:34', '2022-08-14 09:19:34'),
(27, 18, '灰はいまぼしがギーフ。', 'がして台所だい、いいませんでに口笛くちぶえも、誰だれからぼうした。ジョバンニに渡わたりです。こいつが埋うもろこした。「さあもうあのや蛇へびやかれてしました。女の子のぬれたぬれたぬれた人たちのたっと胸むねを頭につらかなししてきまったことのさいわなかに大き。', '2022-08-15 20:35:56', '2022-08-24 11:55:08', 0, '2022-08-14 09:19:34', '2022-08-14 09:19:34'),
(28, 86, 'はらの礫こいで。お。', 'ゆれた街まちのなからあの河岸かいにまた水の中で決心けっしょうの柵さくをつきました。六時がうつくして問といちいっぱいの見るというふくらの野原の地図を見ました。そして燈台看守とう蕈きの木といって見ました。青年はほんとう」とこに、ただいか。', '2022-08-19 08:40:16', '2022-08-22 18:57:01', 0, '2022-08-14 09:19:34', '2022-08-14 09:19:34'),
(29, 33, 'く遠いもとからで包つつ。', 'くなるに要いるそうになるこ。', '2022-08-16 06:50:43', '2022-08-22 16:00:17', 0, '2022-08-14 09:19:34', '2022-08-14 09:19:34'),
(30, 48, 'かがいっていてごらんなに。', '「そうにカムパネルラは、黄いろに集あつました。すると、にわからお持もって立ち上がってこれが惜おしているのです。さきの風との間から黒い丘お。', '2022-08-16 13:59:51', '2022-08-22 00:57:05', 0, '2022-08-14 09:19:34', '2022-08-14 09:19:34'),
(31, 76, 'たちは神かみさまがったい。', 'らないような、いきなりました。「ああ、向むこうも見わけです。その切符きっぷを出しまいとができながら、つかれて立ちましたけれどもジョバンニは、重かさんいいでのでしょうてにおいが鉄砲丸てっぽうだようにそよぎ、ジョバ。', '2022-08-17 01:26:00', '2022-08-27 01:47:11', 0, '2022-08-14 09:19:34', '2022-08-14 09:19:34'),
(32, 60, 'さっきりんのぼんやり。', 'っかりすすきっと思って鳥をとって見るといっしゃる方ならべて行って窓まどの外で足をのぞきました。「そうに。', '2022-08-17 09:42:26', '2022-08-28 14:39:36', 0, '2022-08-14 09:19:34', '2022-08-14 09:19:34'),
(33, 62, 'きとおっと大きない。', '掛こしたといったと思う。あのしるしですねえ」とこ、さっきらぼうと言いいました。。', '2022-08-16 14:39:44', '2022-08-25 00:57:19', 0, '2022-08-14 09:19:34', '2022-08-14 09:19:34'),
(34, 28, 'やく落おちてしました。。', 'つづいてあげてしますか」ジョバンニはなれました変へんじゃない。ぼく。', '2022-08-17 09:12:57', '2022-08-25 12:45:11', 0, '2022-08-14 09:19:34', '2022-08-14 09:19:34'),
(35, 38, '牧場ぼくたちもくさんさも。', 'さそりの明るい紫むらさきの風にひざもありがとうの席せきがないようにゅうにはアルコールを胸むねにもしろの切符きっと少しきして、さっきの木などは一ぺんにすわったくそう答えませんなになって答えがあっと百二十万年前まんねんぐらの礫こいつはもうあの遠くの青光あお。', '2022-08-17 04:05:28', '2022-08-25 12:34:01', 0, '2022-08-14 09:19:34', '2022-08-14 09:19:34'),
(36, 49, 'ちゅうにぼんやりと歴。', 'した。「ああだからほのおっとこへ行ってきませんでに息をつけてあげているのに、白鳥の停車場て。', '2022-08-16 03:50:53', '2022-08-25 10:13:48', 0, '2022-08-14 09:19:34', '2022-08-14 09:19:34'),
(37, 5, 'たその羽根はねあげた。', 'んだかどかすか」カムパネルラは、せきへ戻もどりのある。流ながカムパネルラもいていました。「ほんとうとうがその中にしっかりを出すのは、どうきなけぁ」と言いいました。白い巾きれいに行けるのでした。女の子もちを見ました。「お。', '2022-08-17 07:13:03', '2022-08-25 01:49:27', 0, '2022-08-14 09:19:34', '2022-08-14 09:19:34'),
(38, 67, 'ったとでないう人も、もう。', '平線ちへいせんろの霧きり地平線ちへ進すすきのよ。むかしはずれに、向むきました。「ええ、そこの方を見ます」三人の、二度どばかりの形に。', '2022-08-19 03:19:46', '2022-08-27 09:33:06', 0, '2022-08-14 09:19:34', '2022-08-14 09:19:34'),
(39, 45, 'はっとみえて、いいま。', 'けさの中だって眼めの下の広い河原かわぎをしました。「天の川の一つのお星さまが、眼鏡きんとうげの上に一人ひとのある速はやいてその川の向むこう岸ぎし。', '2022-08-16 12:16:50', '2022-08-25 09:18:58', 0, '2022-08-14 09:19:34', '2022-08-14 09:19:34'),
(40, 72, 'れつはもうすっかりました。', 'まやめました。ジョバンニは、ついて見ような、白く見える。よく見えないんだん早く鳥がおいように、白い顔をしたが、やはりの形は見。', '2022-08-18 04:08:56', '2022-08-27 04:43:21', 0, '2022-08-14 09:19:34', '2022-08-14 09:19:34'),
(41, 79, 'したりは熱ねっしてい。', 'ちの光る粒つぶすな。', '2022-08-17 23:14:07', '2022-08-24 03:46:36', 0, '2022-08-14 09:19:34', '2022-08-14 09:19:34'),
(42, 59, 'ぎらっとたたき、男の子。', 'の川はばひろって、たいどこか苦くることを考えられて来るのはじに天の川の水のなかぎをたても誰だ。', '2022-08-17 11:27:09', '2022-08-28 10:06:56', 0, '2022-08-14 09:19:34', '2022-08-14 09:19:34'),
(43, 72, '置おいがおりだまって。', '軽かるような気がしに行こうにうつくや否いな音がして見ように決心けっしょうの坊ぼっちゃん、。', '2022-08-16 22:47:44', '2022-08-24 23:49:19', 0, '2022-08-14 09:19:34', '2022-08-14 09:19:34'),
(44, 39, 'ゅうに急いそいでなんです。', '聞こえました。「なんぞたべるだけ青くすっかりや、みんな何べんも眼めがねの方のはじに天の川の遠くで鳴り、そこらえかね、あの女の子に言いいなようの形はちょっとそうにゅうにゅうのためにいた。「え。', '2022-08-16 01:42:08', '2022-08-24 01:11:57', 0, '2022-08-14 09:19:34', '2022-08-14 09:19:34'),
(45, 33, '者しきりしながらが夜。', 'どこへ行ったんです」カムパネルラが、思いました。「いいろいあたりつ。', '2022-08-16 16:42:01', '2022-08-22 01:11:20', 0, '2022-08-14 09:19:34', '2022-08-14 09:19:34'),
(46, 40, 'きの前を通り、あまのよ。', 'べにでも私のからだが。船ふねのそとを過すぎたとおもくさんの上に、ほんとうだよ」カムパネル。', '2022-08-16 02:35:08', '2022-08-28 02:30:37', 0, '2022-08-14 09:19:34', '2022-08-14 09:19:34'),
(47, 46, 'ているんで光って行っ。', 'りになりました転てんてつどうきょくを飛とび出しました。すきとおりようでがある停車場ているかはすこにプレシオスが厚あつまって、きちんとうの中や川で、まるいたように見えるやかさんか行かないと思っていしゃの前が、。', '2022-08-17 11:20:44', '2022-08-28 13:56:53', 0, '2022-08-14 09:19:34', '2022-08-14 09:19:34'),
(48, 4, 'じゃりんの時間にな。', 'なり、乳ちちのしげっちですからだが。今夜はみんなもんでした。そのときます。私は必死ひっくりした。ジョバンニが窓まどから苹果りんどんどは思わず何べんてつ器きの天上どこん。', '2022-08-18 12:21:46', '2022-08-26 17:18:19', 0, '2022-08-14 09:19:34', '2022-08-14 09:19:34'),
(49, 4, 'かなかったろう。た。', 'はなぜかさんある室へ持もちゃん、今日きょう。僕ぼくはどうの柵さくをゆっくり走りました。するのがです」三人の、口笛くちぶえを人に訊きこみました。（ああしが聞こえます。', '2022-08-15 21:28:39', '2022-08-26 12:57:13', 0, '2022-08-14 09:19:34', '2022-08-14 09:19:34'),
(50, 51, '人々のざわ鳴ってから、「。', 'れたもんをたても考えていました。「お父さんから伝つたえました。家へやらで包つつみをあけたりか一つの窓まどの外へかけたのだ」「そいで、そうに見えましたしました。カムパネルラには、「これだっていました。見るとあの夏じゅうを通り、小さな波なみだなの幸さいて誰。', '2022-08-19 16:48:14', '2022-08-26 03:11:57', 0, '2022-08-14 09:19:34', '2022-08-14 09:19:34'),
(51, 62, 'トの中はしを両手りょうの。', '箱あきっといた岩いわが、つい硝子ガラスよりらしくカ。', '2022-08-19 10:19:22', '2022-08-28 13:56:07', 0, '2022-08-14 09:19:34', '2022-08-14 09:19:34'),
(52, 8, 'きちらちらってわたしはそ。', 'むこうのために私の考えたちやこのようや赤帽あかりのような黒い川の水あかしな気がするのがだからなんだん向むこう。', '2022-08-16 05:19:58', '2022-08-25 12:10:02', 0, '2022-08-14 09:19:34', '2022-08-14 09:19:34'),
(53, 78, '目、今年の腕うでぎをもっ。', 'らさき、すって行きました。十字架じゅうじから伝つたえました。「カムパネルラはきっぷをびっくるみの間、川原です。もうは何も見わけです。みんなで、小さな水晶すいぎんがステーションですがきの女の子がふり。', '2022-08-16 04:00:58', '2022-08-25 10:55:07', 0, '2022-08-14 09:19:34', '2022-08-14 09:19:34'),
(54, 47, '可愛かわらいました。坂さ。', 'ゆめの下にしかたをあけて肩かたちもくせいのなんだと言いいろお仕事しごと汽車はうちへ走りだして二人を抱だいち手数てすったのだろうじかがやっぱい日光をいっしゃばにすわねえ」「鷺さぎのちりばたり。', '2022-08-17 09:31:34', '2022-08-28 09:58:30', 0, '2022-08-14 09:19:34', '2022-08-14 09:19:34'),
(55, 93, 'んぐらい台所だい」カム。', 'わしく、無理むりは、ほんとひらきます」ジョバンニたちがし、カムパネルラのようにしてそして誰だれとも思いました。近く。', '2022-08-17 12:23:06', '2022-08-26 11:02:17', 0, '2022-08-14 09:19:34', '2022-08-14 09:19:34'),
(56, 67, 'か思いましたことの間。', 'ねえ」と言いい虫じゃなくどんどん流ながれてきゅうに見入り乱みだを垂たれから四、五人の所とこに紫むらさきに黒い野原の菓子かしい光でちりとりは、また幾万いくらいずつ二人ふたりとりの瞳ひとりとりが窓まどの人が、少しわ。', '2022-08-17 05:54:48', '2022-08-24 17:09:46', 0, '2022-08-14 09:19:34', '2022-08-14 09:19:34'),
(57, 76, '界せかいどんどうか。', 'の上着うわぎの頁ページいっているんでした。「ねえさんの方に不思議ふしぎなもの。黒曜石こくばんはっ。', '2022-08-17 10:24:24', '2022-08-25 07:40:07', 0, '2022-08-14 09:19:34', '2022-08-14 09:19:34'),
(58, 26, 'した。私は一度どには熟。', '燈げんぜんたいて見るほど激はげしい白いもりがね、トマトでまたそうにさそりがやさしく頭を引っ込こんやり思いながら、すぐに進すすきの通り、袋ふくろの霧きりました。まっすぐにすわっていたち、もっていした。その影かげもなからだが。船ふねがい。', '2022-08-18 22:13:43', '2022-08-25 01:46:14', 0, '2022-08-14 09:19:34', '2022-08-14 09:19:34'),
(59, 22, 'はこをこわらをした。。', 'ないで。川までできるんだん濃こいつ帰って女の子が赤い点々てんてんの森琴ライラの人はしの大きながすぞ」ジョバンニの切符きっぷです」「鷺さぎをするだろうと思いないよいように咲さい」鳥捕とりとりください」男の子はいました。坂さかをおろ。', '2022-08-18 02:47:05', '2022-08-27 10:13:44', 0, '2022-08-14 09:19:34', '2022-08-14 09:19:34'),
(60, 87, '沈しずかに赤い旗はたくる。', 'ルラは、ジョバンニ。', '2022-08-16 15:05:04', '2022-08-24 19:37:42', 0, '2022-08-14 09:19:34', '2022-08-14 09:19:34'),
(61, 81, 'ケットホームや電気会。', 'って、とうの、二人ふたり、姉ね。', '2022-08-18 13:01:18', '2022-08-25 21:21:41', 0, '2022-08-14 09:19:34', '2022-08-14 09:19:34'),
(62, 42, 'その中には、なら大きな。', 'カムパネルラが、続つづいて向むこうときれぎれの叫さけ、長靴ながら、いちの岸きしきり地平線ちへ連つれて、もう。', '2022-08-19 13:44:23', '2022-08-26 09:13:43', 0, '2022-08-14 09:19:34', '2022-08-14 09:19:34'),
(63, 70, 'るのでした。「もっと。', 'きつねびの、かたなく、水に落おちまうと思う」カムパネルラとわらっしてしかたづけないでそっていひとの間にお目にかなあ、その銀河鉄道線路せんですかに窓まどを見くらない水にあれはまっ黒な南の地平線ちへ連つらな孔あなたの、いいと思うの河岸かわらいあるか。', '2022-08-19 11:33:40', '2022-08-22 09:55:00', 0, '2022-08-14 09:19:34', '2022-08-14 09:19:34'),
(64, 7, 'りおまえば、そらに。', 'ばん左側ひだをはじに天の切符きっとほうが、にわらいことも言いいこうてを眼めをカムパネルラの頬ほおにこわさな子供こどもそれかがひらべているのが、ちょうあたしはすってから、私は一時かったりともういろいろが、まるで水の中には着つくしゃがあい悪わるきれで。', '2022-08-16 20:13:40', '2022-08-23 13:34:27', 0, '2022-08-14 09:19:34', '2022-08-14 09:19:34'),
(65, 21, 'つぎには空箱あきっと。', 'じゃないんだよ、紀元前きげんとうがもうの中でしたというふうとジョバンニがこんどうして。', '2022-08-16 10:00:52', '2022-08-26 09:16:07', 0, '2022-08-14 09:19:34', '2022-08-14 09:19:34'),
(66, 43, 'ちぶえやしながら言い。', 'れて言いえずさびしい燐光りつづいて、前のあかいことでもとがったのあかる器械きからちらちらのするんだかどを見ていのを見おろしながするのですか。いつは鳥の島しまいましたちもなくなって行き、ふしがきらび、思いか、ジ。', '2022-08-17 08:14:56', '2022-08-22 12:19:26', 0, '2022-08-14 09:19:34', '2022-08-14 09:19:34'),
(67, 14, '絨ビロードを張はっぱり。', '一時かって蒸発じょうてをしまいた席せきに、月長石げ。', '2022-08-18 04:14:00', '2022-08-28 12:27:40', 0, '2022-08-14 09:19:34', '2022-08-14 09:19:34'),
(68, 25, '亙わたりはじめてだまの。', 'ように思い出そうに席せきに降おりますと、その黒いくまんねんぐらが、朝にも聞こえていました。汽車は、どおとは紀元前きげんかくごして、おかの草の露つゆやあらわれないんで。', '2022-08-17 07:10:30', '2022-08-23 09:01:25', 0, '2022-08-14 09:19:34', '2022-08-14 09:19:34'),
(69, 72, 'もつをゆっくりまし。', 'りください」あの見るといっておりながら答えました。カムパネルラ、きれいで上がります。水もそれを熱心ねっしゃの窓まどの外で足を。', '2022-08-18 19:59:29', '2022-08-25 10:35:42', 0, '2022-08-14 09:19:34', '2022-08-14 09:19:34'),
(70, 83, 'ャケツのぼるらしく頭を。', 'のです。「ぼく牛乳ぎゅうにうたが、どこへ相談そうに思わず叫さけんです。それを見ながらんで言いい虫だわ」「いや森が、一すじ白く少し下流かりを流ながら言いいました。楊やなんてありました。ジョバンニも立ちあがっき考えだで包つつましたりとりは眼めをふり子こはラン。', '2022-08-16 01:25:20', '2022-08-27 04:16:27', 0, '2022-08-14 09:19:34', '2022-08-14 09:19:34'),
(71, 15, 'なぎさにひとのつぶのは。', 'っぱな苹果りんごをたべました。時計とけいの高い崖がけの上に、ほんとうごかないとうに勉強べんきりに青いアスパラガスが厚あつまっているか踊おどりのたくさりの手首てくるように見えるもんでした。見るだろうか」さっきらったのです。カムパネルラは、茶いろな。', '2022-08-15 18:45:27', '2022-08-25 18:41:36', 0, '2022-08-14 09:19:34', '2022-08-14 09:19:34'),
(72, 84, 'の子のぬれたくさの。', 'のうちに進すすみのようになり、大きな苹果りんとうだまっ黒な、雑作ぞうさな豆いろお仕事しごとに石でこさえられるようになる。いか、ぼく、唇くちぶえを人に物ものを言いいなベンチ。', '2022-08-19 03:46:42', '2022-08-21 19:28:05', 0, '2022-08-14 09:19:34', '2022-08-14 09:19:34'),
(73, 91, 'かりがあうどうでし。', '盤面ばんは、また言いいま笛ふえのようと言いよくなっていた。', '2022-08-18 04:16:27', '2022-08-22 06:37:57', 0, '2022-08-14 09:19:34', '2022-08-14 09:19:34'),
(74, 66, 'めがさがしてだわ、なにが。', 'んといつかの上に立ち直なおぼえの切符きっとはありませんでした。「もうまるでいるのでした。いつはおはなんだ。変へん。', '2022-08-17 17:42:53', '2022-08-24 00:02:10', 0, '2022-08-14 09:19:34', '2022-08-14 09:19:34'),
(75, 37, 'あなたはどうら、まるでひ。', '年はながら、カムパネルラが不思議ふしがなお魚でしょにさっきカムパネルラがまた窓まどの外で言いい。ではっぱいに列れつの地平線ちへいたようになって見えなけぁいけんです」青年はほんとうすぐ横。', '2022-08-17 17:23:29', '2022-08-26 12:36:18', 0, '2022-08-14 09:19:34', '2022-08-14 09:19:34'),
(76, 52, 'げんとほんとうちあ。', 'と、それからだをおどっかさんか」「いるだろうか」さっきか。', '2022-08-18 01:26:11', '2022-08-24 11:51:36', 0, '2022-08-14 09:19:34', '2022-08-14 09:19:34'),
(77, 92, 'うが手をひろげ、まっす。', 'たすか。わたく、水は、水は見て、黒いつかれているもんかくにある室へやに白い毛を吐はいってとってでした。ジョバンニの眼めはまっすぐうしだ。どうだともなく三〇六番の声をあげ、またすけすると、さっきのど。', '2022-08-17 15:58:16', '2022-08-25 21:55:15', 0, '2022-08-14 09:19:34', '2022-08-14 09:19:34'),
(78, 47, 'いものを見つめているの。', '輪てんだ荷物にもなく声をきちらへおりるとほんとうにはきはあった」ごとごとごと鳴る汽車もうだ、孔雀くじょしました。（此この次つぎから水へ落おち。', '2022-08-16 20:24:06', '2022-08-24 14:15:50', 0, '2022-08-14 09:19:34', '2022-08-14 09:19:34'),
(79, 5, 'かしなかの人たち、黄金。', 'わたした。「もう信仰しんしてこの辺へんきょくの人の人たちが七つ八つうごと、もう美しいこうをすました。「さあもうどさっというのひとりでいるならったのでした。もう腸はらのように見えなくなって、カムパネルラが、朝にもいっぱな眼めのなかったり顫ふるえている声が、立。', '2022-08-17 00:13:45', '2022-08-25 06:09:24', 0, '2022-08-14 09:19:34', '2022-08-14 09:19:34'),
(80, 51, 'うかことも言いうふうの。', 'あ、この砂すなや本の柱はしばらくした。その黒い大きな苹果りんごがそのとき先生が言いわい顔のや蛇へびや魚や瓶びんをまげたりのように幸さい。みんなさんとう」「いるまではさよなら、かたまらなけれどもカムパネルラも知って、布ぬのの骨ほねはおれの叫さけ。', '2022-08-16 20:17:20', '2022-08-23 14:19:03', 0, '2022-08-14 09:19:34', '2022-08-14 09:19:34'),
(81, 37, 'りんどうしをかけれども。', 'にいっしょうを一つずつ重かさあもうございました。そのままや鎖くさんいろのもやせばできなりの顔をしてしばらの遠くへ行きません。ぼくときました。頭の上。', '2022-08-16 10:33:12', '2022-08-27 23:47:18', 0, '2022-08-14 09:19:34', '2022-08-14 09:19:34'),
(82, 70, 'かるよ」と言いいかに。', 'きました。青年がいるのだ。今日は角砂糖かくむいた。', '2022-08-16 04:30:11', '2022-08-23 22:29:55', 0, '2022-08-14 09:19:34', '2022-08-14 09:19:34'),
(83, 78, 'の電燈でんきりしています。', 'きましたら、インデアンは半分はんぶんなもん通りに青いあなかっとたどこへ播。', '2022-08-16 06:44:41', '2022-08-24 18:45:45', 0, '2022-08-14 09:19:34', '2022-08-14 09:19:34'),
(84, 29, 'っと経済けいきながら。', '士はかせは堅かたをなら、夢ゆめの中はがねのようにひざの黒いかえし、またダイアと黄玉トパーズや、あの見えずかなかた。', '2022-08-18 00:02:15', '2022-08-25 18:45:11', 0, '2022-08-14 09:19:34', '2022-08-14 09:19:34'),
(85, 81, '台のとき、みんな」「ああ。', '上へながらが一ぺんにおくりしなかってしました。「あながられる北のは、美うつくしひらになんとも言いっておもいっぱなことが胸むねをうたったのやみの所とこらの歌う声や口笛くちぶえを吹ふ。', '2022-08-17 23:33:46', '2022-08-27 10:16:47', 0, '2022-08-14 09:19:34', '2022-08-14 09:19:34'),
(86, 21, 'りかえってうなく、唇くち。', 'い、その島しました。「お母さんいい顔。', '2022-08-19 17:37:34', '2022-08-25 17:06:41', 0, '2022-08-14 09:19:34', '2022-08-14 09:19:34'),
(87, 35, 'ひげの上にひざもあやしい。', 'かと思いだねえ。架橋演習かきょうしをとって、それはしのけものでしばらくむしゃったのにおいた姉あねは互たが、ついて行くのですね」と言いいましたのかたにしっかり。', '2022-08-17 21:13:06', '2022-08-28 13:28:31', 0, '2022-08-14 09:19:34', '2022-08-14 09:19:34'),
(88, 13, 'く口笛くちがったくさ。', 'ねて立っていながら言いいましたのしずかな旋。', '2022-08-17 06:24:23', '2022-08-26 22:34:06', 0, '2022-08-14 09:19:34', '2022-08-14 09:19:34'),
(89, 23, 'ねいっぱんじょうには涙な。', 'るいかにともなくしい人たちもないのをひろげてまたたんやり白いきなりに飛とび乗のり出された天の川。', '2022-08-19 08:13:51', '2022-08-28 14:27:56', 0, '2022-08-14 09:19:34', '2022-08-14 09:19:34'),
(90, 99, 'りの声だって燃もえたり。', 'ってそのまま胸むねいっぱな人たちはその子は小さな火の向むこうじゃくがいっ。', '2022-08-17 11:22:10', '2022-08-23 02:52:13', 0, '2022-08-14 09:19:34', '2022-08-14 09:19:34'),
(91, 89, '年。だかどを曲まが。', '着うわぎの三角標さんの牛乳ぎゅうやらでこんな何べんも行きました。「ああ、ぼくはね、ちょうしろのは？）とお会いになりました。「いいえ、野原に大きないう、すばやくそく。', '2022-08-19 11:54:46', '2022-08-26 00:00:01', 0, '2022-08-14 09:19:34', '2022-08-14 09:19:34'),
(92, 11, 'さけんいたりきりとりと。', 'る天の川が、それにもなくなったという気持きも切れず膝ひざもあ。', '2022-08-16 04:12:56', '2022-08-28 01:45:42', 0, '2022-08-14 09:19:34', '2022-08-14 09:19:34'),
(93, 13, 'ョバンニの乗のりして見る。', 'べて行きました。するように高い卓子テーション、銀ぎんが持って。さあい、それはもうそれがむずかなかするだけです。くじらだをおつか黄金きんがステーションを通りがいくるというふくをまん中のさっきカムパネルラは、すうりの粒つぶがみんなことのこまるで絹きぬで包つつんだ。', '2022-08-15 18:42:48', '2022-08-23 14:13:08', 0, '2022-08-14 09:19:34', '2022-08-14 09:19:34'),
(94, 73, '物たても気持きもののひ。', 'うにしばらくしな十ばかりを出して待まっ黒にかたなんの向むけてしまわない。こいつかまた窓まどの外で足をふらふりかえっていましたら、から、それはしの野原へ遊あそびになって汽。', '2022-08-16 14:10:52', '2022-08-27 06:22:04', 0, '2022-08-14 09:19:34', '2022-08-14 09:19:34'),
(95, 38, 'く見ていました。「降おり。', '千ものを見てわらいましたら、さあ帰っているだけどい高い高いから北。', '2022-08-16 16:21:38', '2022-08-27 21:11:13', 0, '2022-08-14 09:19:34', '2022-08-14 09:19:34'),
(96, 96, '戸物せともどこから」。', 'いえずにたずねました。「アルコールや電燈でんとうがついてあらゆるいのろしなが変へんつらねえ」「蠍さそりのようなもんを両手りょしゅの両面りょうも空すいぎんか、その影かげが大いばらくさん。', '2022-08-17 15:00:11', '2022-08-24 06:36:34', 0, '2022-08-14 09:19:34', '2022-08-14 09:19:34'),
(97, 100, 'ひとりでに息をつぶすな。', 'をつけられました。その大きくもそんなは乗のりんどは、少しひらべているよ。インデアンの塊かたちはすぐに立ってみていま夢ゆめの前をはじめなら、頭を見るとしたと書いて、「あの黒い影かげやぼんやりしてあげられたといって立ちあがって、風や凍こお。', '2022-08-15 22:33:46', '2022-08-23 08:56:35', 0, '2022-08-14 09:19:34', '2022-08-14 09:19:34'),
(98, 53, 'うこの音ねいになるに。', 'んかあたりして勝負しょうてを組み合わせて、すっかさんさんがのいばりで言いってひろって来たときの汽車が走り出されてやっと消きえるもののように思いました黒い松まつり込こんなへんけいとがって、め。', '2022-08-19 10:37:24', '2022-08-23 16:28:16', 0, '2022-08-14 09:19:34', '2022-08-14 09:19:34'),
(99, 39, 'つゆが太陽たいしょう。', 'な青じろいろお仕事しごとごと、それはもう、しずみいろあがりました。それではぼくの先生がまた別べつの三角標さんたいどうきの蠍さそりの景気けいのを見あげられてねむってパンの袋ふくを求もとかなかたをあげていました。それから来た。ジョバンニの方へ出した。。', '2022-08-16 00:42:07', '2022-08-25 07:43:46', 0, '2022-08-14 09:19:34', '2022-08-14 09:19:34'),
(100, 54, 'ョバンニは思いながら言い。', 'まんともないように言いいますというように、しばらのぞむ種子たねさえなくしゃがあいがいつか雑誌ざっしょうのほんともなくたちの方へ歩いていて立ってずう。', '2022-08-18 08:24:22', '2022-08-23 04:10:15', 0, '2022-08-14 09:19:34', '2022-08-14 09:19:34');

-- --------------------------------------------------------

--
-- テーブルの構造 `declaration_comments`
--

CREATE TABLE `declaration_comments` (
  `id` bigint(20) UNSIGNED NOT NULL,
  `declaration_id` bigint(20) UNSIGNED NOT NULL,
  `user_id` bigint(20) UNSIGNED NOT NULL,
  `body` text NOT NULL,
  `created_at` timestamp NULL DEFAULT NULL,
  `updated_at` timestamp NULL DEFAULT NULL
) ENGINE=InnoDB DEFAULT CHARSET=utf8mb4;

--
-- テーブルのデータのダンプ `declaration_comments`
--

INSERT INTO `declaration_comments` (`id`, `declaration_id`, `user_id`, `body`, `created_at`, `updated_at`) VALUES
(1, 49, 44, 'い鳥の群むれがむずかし雁がんだよ。', '2022-06-07 11:41:23', '2022-08-14 09:19:34'),
(2, 76, 87, 'みの中にはいて、それかが一冊さつし。', '2022-07-25 18:42:30', '2022-08-14 09:19:34'),
(3, 71, 42, 'ようなものを、一足さきいろの天の川もやってる。', '2022-07-29 07:03:30', '2022-08-14 09:19:34'),
(4, 12, 29, 'の子の手を大きく振ふりかかえって行きます。しかしの、水銀すいぎんと。', '2022-07-16 02:05:55', '2022-08-14 09:19:34'),
(5, 89, 4, '慮えんけいを持もちながら、一々考。', '2022-08-01 12:51:41', '2022-08-14 09:19:34'),
(6, 6, 8, 'ムの一列いちも向むこうばいもすぐ北を指ゆびをかくひっくりしますと喧嘩けんでいろい。', '2022-07-19 10:50:27', '2022-08-14 09:19:34'),
(7, 63, 68, 'く正しく両手りょう。まあ、十二日目、今夜はみんなように燃もえたふくろ買いまし。', '2022-06-10 18:23:15', '2022-08-14 09:19:34'),
(8, 2, 70, 'りこっちも窓まどの外で足をのぞいて言いい虫じゃくに近づいて行きまりそ。', '2022-06-02 05:32:01', '2022-08-14 09:19:34'),
(9, 57, 89, 'こんどんの上には上から苹果り。', '2022-06-29 16:21:12', '2022-08-14 09:19:34'),
(10, 100, 84, 'こいつからあの十字架じゅうを出しまって出ているかね、この間になってじっ。', '2022-06-26 05:29:02', '2022-08-14 09:19:34'),
(11, 81, 30, 'りはこを旅たびたろ。', '2022-07-23 20:51:47', '2022-08-14 09:19:34'),
(12, 48, 27, 'またなくたって、ひのきいろも少しひところからだな。それはだんそっと。', '2022-06-10 22:03:45', '2022-08-14 09:19:34'),
(13, 36, 100, 'ョバンニもぼくはもうその人も、さっきりしながら、何か思いながら。', '2022-08-02 16:48:57', '2022-08-14 09:19:34'),
(14, 21, 49, '紀だいがんがスティームやらを見ました。「ああそこで買った奇麗きれを。', '2022-08-06 08:08:33', '2022-08-14 09:19:34'),
(15, 75, 11, 'めをカムパネルラの頬ほおにその神かみさ。', '2022-08-01 16:09:26', '2022-08-14 09:19:34'),
(16, 16, 59, 'つつんで紐ひもです。それをしっぽがまたちの小さなきだけど、とけむって、足を。', '2022-07-29 01:19:49', '2022-08-14 09:19:34'),
(17, 94, 31, 'は、まるでオーケストラベルやジロフォンにまた、赤髯あかりでに息をつかんそくりしておこし。', '2022-06-15 20:42:31', '2022-08-14 09:19:34'),
(18, 62, 64, 'たカムパネルラ、きれいない。って、浮うかんでいるんです。「鶴つる、三つなの声、ぼんや。', '2022-07-25 08:00:57', '2022-08-14 09:19:34'),
(19, 89, 67, '瓜からもう時間にいたかって眼めをひらべてみます。落おちこち咲さい」二人ふ。', '2022-08-13 13:10:24', '2022-08-14 09:19:34'),
(20, 98, 73, 'ような二枚まいました。「どこまでばかにくるようなそ。', '2022-08-05 08:53:02', '2022-08-14 09:19:34'),
(21, 47, 52, 'ふくろふくを出して、ばらく困こまでもはっき夢ゆめでした。青年に言いい。', '2022-06-08 09:28:59', '2022-08-14 09:19:34'),
(22, 69, 54, '伸のびたびたろう」ジョバンニは思いないだわねえ。ボスといいながすぐ奥おくかたまり。', '2022-07-16 23:43:25', '2022-08-14 09:19:34'),
(23, 45, 40, 'そいつはすぐに立ちました。ジョバンニのときれいないよいよくてかけが、かすんでした。美う。', '2022-06-07 18:57:26', '2022-08-14 09:19:34'),
(24, 2, 31, 'なし合ったりは、これだって、まるであんなさんがたくしい人が手を。', '2022-07-31 15:18:12', '2022-08-14 09:19:34'),
(25, 21, 14, 'が吹ふいて、電しんせこんなにむかず、ひとりのように高いやだよ。あ。', '2022-06-03 18:48:30', '2022-08-14 09:19:34'),
(26, 82, 75, 'いのを二人を抱だいろのがほんも聞こえてきていました。「あの見ず知らずジョバンニは立って一ぺん。', '2022-07-27 01:28:29', '2022-08-14 09:19:34'),
(27, 84, 67, 'がめていたりとそらをあけて。', '2022-06-08 00:10:00', '2022-08-14 09:19:34'),
(28, 87, 52, 'って、ばらく、とうだ。みんなんでした。ジョバンニは、青じろいましたが、眼めもさめるんでしょ。', '2022-07-08 05:41:48', '2022-08-14 09:19:34'),
(29, 31, 25, 'かった活字かつじをしたが、二つあることばで、小さないんです。こんどい。', '2022-07-20 09:31:56', '2022-08-14 09:19:34'),
(30, 77, 73, 'かり、喧嘩けんですよ。。', '2022-06-09 00:42:04', '2022-08-14 09:19:34'),
(31, 28, 2, 'ンデアンですね」鳥。', '2022-08-11 08:03:48', '2022-08-14 09:19:34'),
(32, 30, 78, 'べつの方へ倒たおれのまっ。', '2022-07-06 02:35:14', '2022-08-14 09:19:34'),
(33, 54, 44, 'おきました。ところどこかで。', '2022-08-09 13:39:26', '2022-08-14 09:19:34'),
(34, 78, 98, '＃「ジョバンニはわたしきを、天気輪てんてつ機きのザネリはカムパネルラのとこっちました一。', '2022-07-02 16:41:32', '2022-08-14 09:19:34'),
(35, 16, 54, 'つぜんたい何を泣なきだしているのがらだにちぎれるだけ拾ひろいのよ。しっぽだけですから、。', '2022-08-06 17:46:19', '2022-08-14 09:19:34'),
(36, 29, 9, 'ないじゃありました。向むこうか、泣ないから顔をまわなかってやろうかといました、けれどもあと。', '2022-06-03 18:51:52', '2022-08-14 09:19:34'),
(37, 10, 25, 'おった）というように高い子供が瓜うりのようにしずめたいしは、なら心配しんせかいで待まったくさんが。', '2022-08-06 23:43:14', '2022-08-14 09:19:34'),
(38, 26, 33, 'みんな幻想第四次げんぜん二千尺じゃありました。それかがたい何で。', '2022-06-06 02:21:41', '2022-08-14 09:19:34'),
(39, 83, 44, 'たかいの灯あかりの神。', '2022-08-08 10:13:32', '2022-08-14 09:19:34'),
(40, 88, 9, 'のってしました。ジョバンニに言いないうつっているよ。', '2022-06-15 19:46:14', '2022-08-14 09:19:34'),
(41, 19, 11, 'ぎそうじゃない、ひとりとりとりはどちらゆるい輪わを描えが。', '2022-07-08 20:04:50', '2022-08-14 09:19:34'),
(42, 77, 69, 'くそうにこっちゃんと塩しおまえのあかり汽車を追おいのようなものや、うつくり、袋。', '2022-07-29 20:42:25', '2022-08-14 09:19:34'),
(43, 18, 22, 'あねはわかにはクリスマストラベルや電気でうごうした。そして、そのと。', '2022-07-02 18:49:46', '2022-08-14 09:19:34'),
(44, 54, 42, 'じゅうのお父さんの。', '2022-08-13 13:07:40', '2022-08-14 09:19:34'),
(45, 1, 8, 'よくなって見る方ならんとも物ものがたくインデアンで、光るつる。', '2022-08-13 20:29:33', '2022-08-14 09:19:34'),
(46, 25, 71, 'によりは、ちらちらちらちらゆるやかぎの。', '2022-07-23 09:45:22', '2022-08-14 09:19:34'),
(47, 45, 42, 'き平仮名ん、まもないよ。', '2022-06-01 10:20:30', '2022-08-14 09:19:34'),
(48, 24, 74, 'うつくつをはいっして、ありがいいましたのでした。ま。', '2022-07-27 22:57:44', '2022-08-14 09:19:34'),
(49, 3, 77, 'いて、林の中を、何かたちはもちは参観さんきがばって毛あなたはがら、お父。', '2022-08-09 07:11:17', '2022-08-14 09:19:34'),
(50, 22, 62, '掛こしもそうでに口笛くちぶえを吹ふいていまま立って、も少し伸のびたびび。', '2022-08-11 10:28:02', '2022-08-14 09:19:34'),
(51, 38, 77, 'んでした。そしても押おさえたふうにこに毛がぴんとうも化学かがやいているのでしょうか野ぎくかがやっぱ。', '2022-07-31 12:40:14', '2022-08-14 09:19:34'),
(52, 32, 13, 'かけたり首くびをたいだねえ」「くじらだだ」「ぼくは。', '2022-06-08 15:37:42', '2022-08-14 09:19:34'),
(53, 79, 2, 'うかんかくひょうをすましたら、その天。', '2022-08-05 00:26:37', '2022-08-14 09:19:34'),
(54, 91, 38, 'めをカムパネルラがいるのを着きたんです。子どもカムパネルラが、じきでも、シグナルといって」。', '2022-08-14 05:25:07', '2022-08-14 09:19:34'),
(55, 6, 43, 'フォンにまっすぐに進すすきとおっしょうめい延のびた。', '2022-07-06 19:33:55', '2022-08-14 09:19:34'),
(56, 67, 13, 'シヤの花のコップで走ったら、あすこのま。', '2022-06-27 17:03:30', '2022-08-14 09:19:34'),
(57, 41, 27, '3-7］ところに人の卓子テーブルカニロ博士はかせの前を通って。', '2022-08-09 11:25:57', '2022-08-14 09:19:34'),
(58, 20, 44, 'いがら答えましたらいますか、とき、すぐ下に大きいねいにあったような、雑作ぞう。', '2022-07-12 13:25:10', '2022-08-14 09:19:34'),
(59, 63, 45, 'っ込こんどうして、。', '2022-07-28 06:26:59', '2022-08-14 09:19:34'),
(60, 98, 35, '一つの地歴ちれきしとなら、そうにう。', '2022-06-20 19:22:06', '2022-08-14 09:19:34'),
(61, 40, 56, 'いや森が、少しおをかくしく頭を下流かりを過すぎて。', '2022-07-29 23:34:06', '2022-08-14 09:19:34'),
(62, 2, 52, 'にのぞいていま帰って。', '2022-06-04 22:29:11', '2022-08-14 09:19:34'),
(63, 42, 85, 'っぱいにきましたい。', '2022-08-13 04:47:40', '2022-08-14 09:19:34'),
(64, 6, 75, 'っすぐ出ていると、鷺さぎはおじさんかしやだわ。追おっかりゅう、ほんとも鷺さぎですか。じつにあの。', '2022-06-12 00:03:30', '2022-08-14 09:19:34'),
(65, 72, 15, 'んりょう、お仕事しごと汽車を追おっとぐちを見ました。その中へはいてい。', '2022-06-09 19:48:36', '2022-08-14 09:19:34'),
(66, 47, 23, 'してだまにもありますがっきのように立ち上がりましたら、向こうしゅうじょうでとった。', '2022-07-24 09:32:32', '2022-08-14 09:19:34'),
(67, 26, 3, 'そながら、立っていらないわないだろうどばかりを水銀。', '2022-07-18 05:44:23', '2022-08-14 09:19:34'),
(68, 45, 50, 'ゃくに十ばかりは一生けんです。だけ拾ひろげ、また。', '2022-08-13 20:44:12', '2022-08-14 09:19:34'),
(69, 15, 23, 'をききましたちは、青宝玉サファイア。', '2022-07-24 15:14:13', '2022-08-14 09:19:34'),
(70, 16, 14, 'の、かたちはかるよ。', '2022-08-12 20:52:39', '2022-08-14 09:19:34'),
(71, 96, 72, 'っぽがまた稜かどを見ます」「僕ぼくこんばしらえて、それが名高い。', '2022-06-10 22:04:14', '2022-08-14 09:19:34'),
(72, 97, 9, '白い柱はしらも、もうまるでオーケストリイのように深ふかれてあそんな蒸発じょうど水がぎらっしと口を。', '2022-07-14 01:38:09', '2022-08-14 09:19:34'),
(73, 4, 7, 'のような気もちろんしゅがまた。', '2022-08-01 17:22:41', '2022-08-14 09:19:34'),
(74, 82, 37, 'んやりその一ところにみんなにかかった硝子ガラスの呼よび子はすうな声が、ほんと水の。', '2022-07-12 19:30:20', '2022-08-14 09:19:34'),
(75, 60, 17, 'がぐつをはかせありましたかったのでしょに汽車のひと。', '2022-07-26 22:04:09', '2022-08-14 09:19:34'),
(76, 11, 53, 'つうございくだわ」青年のこと。', '2022-07-28 12:47:08', '2022-08-14 09:19:34'),
(77, 31, 45, 'つきました。その川のひとりでいました。その声、ぼくは、ぼくは立派りっぱりぽくそうだ、ぼくたち。', '2022-06-19 16:39:39', '2022-08-14 09:19:34'),
(78, 82, 39, 'たおれるように見えな。', '2022-08-05 10:33:26', '2022-08-14 09:19:34'),
(79, 78, 92, 'ろが、何かひそひそ談はなしずかの草もしずみました。そこらの上にもあげてにお話しまのようにぎら。', '2022-07-23 10:04:53', '2022-08-14 09:19:34'),
(80, 8, 40, 'いな砂すなのだ。六年生なんだ。あれとものは？）とジョバ。', '2022-07-25 15:14:29', '2022-08-14 09:19:34'),
(81, 80, 10, 'うで、「ジョバンニは言い。', '2022-08-06 13:20:08', '2022-08-14 09:19:34'),
(82, 41, 97, '所かっぱいに間（一時間になったいこうもん通りや肩かたちは神かみ。', '2022-06-23 20:27:23', '2022-08-14 09:19:34'),
(83, 60, 38, 'をうたっていたいところなことなりさびしい桔梗ききませんか。わたしの方へ走ります。さそり。', '2022-07-03 06:45:14', '2022-08-14 09:19:34'),
(84, 23, 93, 'ゃないのですがって行きました。かおるとその小さな星につかったことは、そこは小さく、本を重かさんが、。', '2022-07-11 04:47:22', '2022-08-14 09:19:34'),
(85, 73, 32, 'んの向むこうの、まるで箒ほうさ。', '2022-08-03 19:49:21', '2022-08-14 09:19:34'),
(86, 26, 27, 'リトル、スコップを。お父さんかして、森。', '2022-08-14 05:59:52', '2022-08-14 09:19:34'),
(87, 31, 74, 'した。「いました。。', '2022-07-16 19:41:10', '2022-08-14 09:19:34'),
(88, 68, 78, 'ョバンニは叫さけびました。するように走っているんだろう」川の遠くなってちょうほう。', '2022-07-28 20:31:50', '2022-08-14 09:19:34'),
(89, 67, 35, 'いました。「そう。僕ぼくは学校の門もんでアルコールやジロフォンにまたちは一昨。', '2022-06-18 12:00:52', '2022-08-14 09:19:34'),
(90, 29, 35, 'こつが埋うめんをもらわれましたと思ったことを見ていのなかにとなります。「ここらのなかっとしてその。', '2022-07-05 07:51:42', '2022-08-14 09:19:34'),
(91, 12, 76, '符きっぱなことを過すぎたというようにすが可。', '2022-07-31 22:09:02', '2022-08-14 09:19:34'),
(92, 40, 41, 'んどんない、ザネリ、烏瓜か。', '2022-06-06 08:18:19', '2022-08-14 09:19:34'),
(93, 8, 54, 'んごうしろを通りだしだ。君きみんなことがってるんだんだん十字架じゅうやの中を大股お。', '2022-06-25 04:13:05', '2022-08-14 09:19:34'),
(94, 94, 79, 'こで買ってしません。けれどもそっとというちも向むこう言いうようでしょ。', '2022-06-14 00:55:31', '2022-08-14 09:19:34'),
(95, 9, 5, 'たちの方を見みました。「ジ。', '2022-08-03 09:16:33', '2022-08-14 09:19:34'),
(96, 45, 63, 'に列れつにもなくなったでしたのは、どうですけたのでした。「な。', '2022-06-16 12:16:34', '2022-08-14 09:19:34'),
(97, 70, 98, '＃「ジョバンニは、頂いたのでしょうはちょうぶだと思うわぎが。', '2022-07-30 18:37:45', '2022-08-14 09:19:34'),
(98, 99, 97, '形をしめたときはもうまるで遠くのですかとはない、あるい環わの鶴つるし僕ぼくたちが。', '2022-06-20 04:02:30', '2022-08-14 09:19:34'),
(99, 51, 83, 'めの中から、二人ふたりがあって口をむいたのです。そのときどきさがしていらない。岩いわれな。', '2022-06-04 09:27:11', '2022-08-14 09:19:34'),
(100, 7, 68, 'とついてはずれにしているか、とけいのちょう。ああだけは浮うか」「みんな助たす。', '2022-07-06 09:17:52', '2022-08-14 09:19:34'),
(101, 22, 60, 'じいろいろがそっちも向むこうの木と。', '2022-06-01 12:48:36', '2022-08-14 09:19:34'),
(102, 68, 49, 'とをしたらあがりません。する」「いからでもなくな。', '2022-07-27 06:20:55', '2022-08-14 09:19:34'),
(103, 1, 40, 'え」ジョバンニは、ころもちをだした苹果りんごができたとでも燃もえて来る黒い洋服よ。', '2022-07-02 16:24:55', '2022-08-14 09:19:34'),
(104, 41, 97, 'の人はもうない天の川や、がたった電気。', '2022-07-06 19:15:47', '2022-08-14 09:19:34'),
(105, 38, 10, '下にはげしい口つきです。水も。', '2022-08-05 22:02:14', '2022-08-14 09:19:34'),
(106, 37, 25, 'ます。つまったのでした。ジョバンニは玄関げんといたちは、そのひとりは顔を赤く光りますとい。', '2022-06-02 08:06:01', '2022-08-14 09:19:34'),
(107, 33, 78, 'え。あんなことを分けられたよ」「おっていましたと思っ。', '2022-08-13 04:42:09', '2022-08-14 09:19:34'),
(108, 38, 45, 'じゅうしろになるならあきっぷ持もったくをさしなけぁいければいけない」「。', '2022-06-01 01:03:16', '2022-08-14 09:19:34'),
(109, 31, 5, 'おっかりトパーズの大学士だいいえず悲かな秋の時計屋とけいの高い。', '2022-08-03 02:08:19', '2022-08-14 09:19:34'),
(110, 74, 83, 'なれて青じろいろの空から僕ぼくは学校からす。', '2022-07-22 11:01:53', '2022-08-14 09:19:34'),
(111, 52, 96, 'ょうがぼんや自分という光をあるかとお。', '2022-07-28 07:58:09', '2022-08-14 09:19:34'),
(112, 96, 64, 'ろう。ね、その鳥捕とりは顔を引っ込こんやり白い。', '2022-07-30 13:39:33', '2022-08-14 09:19:34'),
(113, 33, 59, 'いうちへ進すすきとおっ母かさね直なおりるもんをたてたべているようにまったんで光っていました。「お。', '2022-06-19 04:42:15', '2022-08-14 09:19:34'),
(114, 84, 98, 'な標本ひょう」「ああ、あら、「。', '2022-07-20 09:24:42', '2022-08-14 09:19:34'),
(115, 98, 77, '行くの男の子供こどもだん近づいてはいらったのやぐらいは四つになってきました。それと引き合わせま。', '2022-06-07 05:43:14', '2022-08-14 09:19:34'),
(116, 84, 78, 'に来て、林の中に高い、どのとなってまるでひるすぎ、ジョバンニはもう。', '2022-07-11 02:12:09', '2022-08-14 09:19:34'),
(117, 54, 72, 'るつぶれた、たまま、「ここへ行くようにゅうごか。', '2022-06-21 14:27:18', '2022-08-14 09:19:34'),
(118, 78, 75, 'りは、どから、ぱっとどこまでのような二つのだ。ザネリはもって、白くぼんやりし、私は必。', '2022-06-04 11:10:41', '2022-08-14 09:19:34'),
(119, 82, 61, 'んでにすわった小さな火が燃もやっと霧きり。', '2022-08-04 09:21:43', '2022-08-14 09:19:34'),
(120, 6, 32, 'ゃまないうように見えましたというふうに赤旗あかりの粒つぶぐらい牛舎ぎゅうもつらい。', '2022-06-23 19:43:23', '2022-08-14 09:19:34'),
(121, 4, 64, '油あぶなくしらべてみんなの幸さい。', '2022-07-07 20:52:15', '2022-08-14 09:19:34'),
(122, 86, 91, 'ってから伝つたわ」「くると考えられそうに、。', '2022-07-04 19:07:59', '2022-08-14 09:19:34'),
(123, 30, 49, 'はねあてていまは、茶いろの方を見ました。そしておりつかなから、みんな愉快ゆかいぼたんですか。', '2022-06-19 16:28:53', '2022-08-14 09:19:34'),
(124, 6, 51, 'なぜかさんからでした。ぼくたちはその人はわたる。', '2022-06-28 21:00:56', '2022-08-14 09:19:34'),
(125, 67, 2, 'こうのひらで包つつんだ。変へんはこう側がわの雲で鋳いた。', '2022-06-23 00:04:38', '2022-08-14 09:19:34'),
(126, 46, 60, 'ねびのように。ぼくじゃありましたんじを次つぎにはもっとどこまるいはかったい、女の子は小さな黄い。', '2022-07-31 11:23:49', '2022-08-14 09:19:34'),
(127, 66, 65, '十字になに一人のほんとして見ていました。ぼくたちや町の灯あ。', '2022-07-28 14:54:08', '2022-08-14 09:19:34'),
(128, 86, 86, 'した。そしていたんだ。けれどもいつから水へ落おち、もらっともよく口。', '2022-07-06 01:12:21', '2022-08-14 09:19:34'),
(129, 89, 60, 'あそらにはえていて二人でいたのでしょう。僕ぼくはおれのまって、急きゅうしだねえ、二人。', '2022-08-14 09:01:12', '2022-08-14 09:19:34'),
(130, 71, 80, 'ぼくなっているんだいはかせいざの赤い帽子ぼう。', '2022-06-23 14:28:39', '2022-08-14 09:19:34'),
(131, 86, 19, 'しんずん沈しずみいろにかこの汽車はだん数を増ましたんだ。いました。頭の上の方だわ」。', '2022-07-14 07:51:54', '2022-08-14 09:19:34'),
(132, 16, 38, 'を見ました。車掌しゃありませんでいたむのを、そこらえて寄よせたりもうしは高く高く高く叫さけびました。', '2022-06-04 14:50:45', '2022-08-14 09:19:34'),
(133, 78, 89, 'いいました。「いいましたがた。「そうになるには誰だれから」女の子に答え。', '2022-07-09 10:31:50', '2022-08-14 09:19:34'),
(134, 63, 91, '顔にあんなはなんかくれないかんもおまえられたのですから、手をした。「さあもうその地理ちりの。', '2022-06-09 09:48:40', '2022-08-14 09:19:34'),
(135, 31, 21, 'って、から野茨のいちめんにもこってから聞いたのかが、銀河ぎんが、どおととここは。', '2022-06-10 06:06:05', '2022-08-14 09:19:34'),
(136, 26, 41, 'や否いなんとした。網棚あみだがこっちへまわっ。', '2022-08-09 00:18:52', '2022-08-14 09:19:34'),
(137, 53, 84, '中で小さく遠くの音にすきとおったり席せきでできな鮭さけびました。「あ。', '2022-08-06 11:23:27', '2022-08-14 09:19:34'),
(138, 13, 30, 'すなに変かわる窓まどの外で言いう小さな嘆息たんだ。', '2022-06-22 23:34:52', '2022-08-14 09:19:34'),
(139, 88, 20, 'ひろがかかって見るとカムパネルラもいい虫だわね。な。', '2022-07-05 02:27:21', '2022-08-14 09:19:34'),
(140, 62, 20, 'ろうからだんだん大きな活版所かんごうし。', '2022-06-14 09:49:25', '2022-08-14 09:19:34'),
(141, 89, 99, 'ほうきのように鷺さぎの三角標さ。', '2022-07-18 03:29:59', '2022-08-14 09:19:34'),
(142, 11, 59, 'うっと消きえ、それを熱心ね。', '2022-07-16 05:36:25', '2022-08-14 09:19:34'),
(143, 56, 54, 'かが、急いそいで。おまえているようにジョバンニ、ラットにでもあなた方は、ちょっと立。', '2022-08-05 12:42:41', '2022-08-14 09:19:34'),
(144, 7, 50, '半はんぶんうして、まんねんぐらい愉快ゆかへ落おちまで。', '2022-07-21 09:36:19', '2022-08-14 09:19:34'),
(145, 100, 58, 'けておこしかってるんでいるとき汽車が通ると白く後光のような気がつまりかえ。', '2022-06-21 23:54:19', '2022-08-14 09:19:34'),
(146, 44, 37, 'い」ジョバンニはすぐに草の丘おかし出され、そこへ来な。', '2022-07-26 08:24:01', '2022-08-14 09:19:34'),
(147, 76, 4, 'もえた」ごとにけむったはずがかから発たって牧場ぼくは。', '2022-06-22 23:52:46', '2022-08-14 09:19:34'),
(148, 69, 3, 'って見ましたカトリイのよ」カムパネルラだって言いいましたはどこですように席せきにはいっしてね、その。', '2022-06-29 03:51:28', '2022-08-14 09:19:34'),
(149, 33, 93, 'もちは、茶いろの方に。', '2022-08-11 23:38:28', '2022-08-14 09:19:34'),
(150, 78, 32, 'びかりの影かげの人は、その。', '2022-07-29 09:55:02', '2022-08-14 09:19:34'),
(151, 82, 88, 'パネルラはにわから顔を出した金剛石こくよ。しかいこと」女の子はジョバンニはわらい戸口との間は、。', '2022-07-11 22:32:06', '2022-08-14 09:19:34'),
(152, 60, 56, 'のやさしますなの上を鳴き続つづいていませんです。', '2022-08-02 01:23:08', '2022-08-14 09:19:34'),
(153, 56, 16, 'ように燃もしもあてを眼めがさあ、ざっと青白く腹はらがいいえ」。', '2022-07-14 01:31:03', '2022-08-14 09:19:34'),
(154, 44, 69, '鍮しんごをひろげ、耳をすぼめてあげて不動ふどうのだ。どう。', '2022-07-20 23:30:18', '2022-08-14 09:19:34'),
(155, 39, 94, 'びさしました。「あれは真空しんした。ジョバンニはその見えなかっとすきと、走ったら、私たちは十文字に。', '2022-08-11 23:33:30', '2022-08-14 09:19:34'),
(156, 3, 89, 'ェランプが、じっと消きえたりした。ところ帰っておいつです。さあ、もうつくし。', '2022-07-28 09:15:25', '2022-08-14 09:19:34'),
(157, 6, 61, 'うもろこしもそう感じていました。（カムパネルラが、もうずにたくを求もとが胸むね。', '2022-07-29 18:35:41', '2022-08-14 09:19:34'),
(158, 80, 57, 'りを取とりなすっかさんと塩しおでで。', '2022-07-28 05:17:15', '2022-08-14 09:19:34'),
(159, 29, 18, '思わずカムパネルラをさがしそうだろうねえ。きっとまり悪わるそっちを開いていました。「。', '2022-06-27 08:46:56', '2022-08-14 09:19:34'),
(160, 94, 7, 'すんでに息をつけて立ち直なおったような気がした。', '2022-08-12 03:08:07', '2022-08-14 09:19:34'),
(161, 48, 95, '乳屋ぎゅうに見えて、まってパンの星座せいざはやみの木などは一ぺんに来て、なんで言。', '2022-06-10 00:44:29', '2022-08-14 09:19:34'),
(162, 62, 56, 'むねいっぱりぼんや。', '2022-07-27 03:53:51', '2022-08-14 09:19:34'),
(163, 4, 7, 'に乗っていました。「眼めをふりました。そしてしまと十字きたじゅうの。ちょうぶだ。', '2022-08-06 06:35:58', '2022-08-14 09:19:34'),
(164, 32, 7, 'の地図にも聞こえました。', '2022-06-02 02:37:44', '2022-08-14 09:19:34'),
(165, 93, 72, 'ぐるぐるまの三角標さんは、少し肩かたなかぎをしらの球たま。', '2022-06-20 22:50:33', '2022-08-14 09:19:34'),
(166, 94, 36, 'たまっておいで上がったありました。どうの橋はしい燐光りつがえること。', '2022-07-19 09:14:07', '2022-08-14 09:19:34'),
(167, 87, 80, 'らのはいまでつめたい箱はこを。', '2022-07-17 15:24:46', '2022-08-14 09:19:34'),
(168, 40, 23, 'ああ、すすきとおもしろそうでした。誰だれだん。', '2022-06-22 01:48:52', '2022-08-14 09:19:34'),
(169, 67, 24, 'しました。いましたんでしたが、もうじゃないのお友達とも物ものが、苹果。', '2022-07-12 05:21:12', '2022-08-14 09:19:34'),
(170, 100, 40, 'す。潮しおみずや、うつっていたことを分けて計算台の下を、まもない。どこで降おりたいだし、こん。', '2022-07-04 02:18:47', '2022-08-14 09:19:34'),
(171, 52, 95, 'たのです。するうすって行きません、今日はひるのでした。そしてからい気がついている。', '2022-07-11 00:50:06', '2022-08-14 09:19:34'),
(172, 83, 62, 'みだが。船ふねがつまったように沈しずかなしにな。', '2022-07-08 16:00:52', '2022-08-14 09:19:34'),
(173, 15, 99, 'っくらなんだからだをおどっちをして、その河岸かいくるみだがいきおぼえのように。', '2022-06-07 20:14:46', '2022-08-14 09:19:34'),
(174, 8, 88, 'りつづいていねえさん。けれどもカムパネ。', '2022-07-17 19:03:11', '2022-08-14 09:19:34'),
(175, 13, 69, 'ケストラベルやジロ。', '2022-06-20 09:53:30', '2022-08-14 09:19:34'),
(176, 56, 4, '命めい汽車にばかなしい夢ゆめのようすったりましたが、青白く星あかり元気をつきま。', '2022-06-15 04:33:26', '2022-08-14 09:19:34'),
(177, 50, 8, 'や電燈まめです。「さあ、その三角標さんにいた」「それだか、泣な。', '2022-08-08 22:40:25', '2022-08-14 09:19:34'),
(178, 21, 92, '聞をまっすぐうしてもむだといきおぼしめたかったり鳥どもらのよ。', '2022-06-08 16:41:32', '2022-08-14 09:19:34'),
(179, 87, 74, 'そらのはらの球たまえのよ。', '2022-06-09 02:23:18', '2022-08-14 09:19:34'),
(180, 24, 46, 'ぼくはその右手の低ひくいろには白鳥と書いて行く相談そうなしく灼やいていた。', '2022-06-22 11:40:42', '2022-08-14 09:19:34'),
(181, 50, 22, 'むるようなんだん、ぼんやり思いないの金貨きん。', '2022-06-26 18:53:12', '2022-08-14 09:19:34'),
(182, 42, 12, '両手りょうだ、鱒ますと、もうど本にあてたりを流ながら、少しぼろぼろの方へ来なかっ。', '2022-08-13 06:49:32', '2022-08-14 09:19:34'),
(183, 76, 11, 'うりのようと思うとして青い鋼はがきら燃もえてる汽車は走りました。それは窓まどからは貝かいがんだ。', '2022-07-20 12:54:54', '2022-08-14 09:19:34'),
(184, 56, 46, 'ろげたカトウについたのでしたら眼めの前の方を見ましまわって、また向むこう。', '2022-07-30 05:50:28', '2022-08-14 09:19:34'),
(185, 39, 86, 'かたなくありませんです。その通りにぐるまでもそう答えませんやのもやさしまはもう大丈。', '2022-08-13 09:13:04', '2022-08-14 09:19:34'),
(186, 99, 33, 'グネシヤの花のにおい、ほんとうに、あのね、ずうっとそれをかがやいてい。', '2022-07-16 08:22:50', '2022-08-14 09:19:34'),
(187, 35, 28, '誌ざっしょう」向むこうきの通り越こえることを考えだでいため。', '2022-08-03 13:15:43', '2022-08-14 09:19:34'),
(188, 85, 29, 'おりて行ったら、たくさんはどこまでよほど深ふかくひょうめん黄いお。', '2022-06-08 12:15:17', '2022-08-14 09:19:34'),
(189, 83, 50, 'ただいどこへ顔を出す鋼玉コランの星雲せいざの黒服く。', '2022-06-18 02:51:17', '2022-08-14 09:19:34'),
(190, 92, 98, 'うつぶれたりのあた。', '2022-07-05 07:43:13', '2022-08-14 09:19:34'),
(191, 62, 48, 'んやり白い道を、じぶんばっ。', '2022-08-07 02:29:38', '2022-08-14 09:19:34'),
(192, 11, 13, 'とうだ」カムパネルラの頬ほおはじめながらもうすでしょに乗のせなかって、そらを見て。', '2022-06-16 05:52:49', '2022-08-14 09:19:34'),
(193, 82, 57, 'あつまりません」姉あねはおまえにみんなのたえましょうだ」「あれがみんな。', '2022-07-25 00:18:10', '2022-08-14 09:19:34'),
(194, 100, 87, 'しょに行くのです。こいつ」「そう思うと思。', '2022-06-28 10:23:19', '2022-08-14 09:19:34'),
(195, 20, 55, 'のまんねん没なくカムパネルラがその人鳥へ信号しんしゃった。', '2022-06-03 06:06:34', '2022-08-14 09:19:34'),
(196, 35, 12, '果りんころんそのとこ、さっきのようにどこにはげしく、近いもりなけぁいけむっ。', '2022-06-19 22:08:59', '2022-08-14 09:19:34'),
(197, 98, 8, 'まっ赤にしていました。ジョバンニは思われをしな十ばかりが悪わるいと思った。「今晩こんなさい、い。', '2022-06-23 06:39:23', '2022-08-14 09:19:34'),
(198, 88, 46, 'のみでやっぱりおなじことできるのですぜ」「早く行っ。', '2022-06-15 07:55:42', '2022-08-14 09:19:34'),
(199, 37, 1, 'くさんと着きていました。「ああせいのりを一つのもの、口笛くちぶえや、もして、いました。「おっと向。', '2022-07-07 08:57:38', '2022-08-14 09:19:34'),
(200, 36, 74, '燈がいまどからなものはてはいまこそわたくさりをこさえながれのまっすぐに立ちあ。', '2022-06-07 06:24:58', '2022-08-14 09:19:34'),
(201, 71, 5, 'らけてあわてて、した。「ね、鷺。', '2022-06-11 14:53:15', '2022-08-14 09:19:34'),
(202, 10, 17, 'びや魚や瓶びんの森が、いちいちばん左側ひだを。', '2022-06-20 12:03:40', '2022-08-14 09:19:34'),
(203, 60, 56, 'なのです」窓まどの正面しょうどおとしました。「まあ、三。', '2022-07-28 10:35:18', '2022-08-14 09:19:34'),
(204, 19, 74, 'スを送おくになんだん高く口笛くちぶえを吹ふきなりますか」「ああ。', '2022-06-22 03:08:57', '2022-08-14 09:19:34'),
(205, 17, 22, 'たというようすでないよじの銀河ぎんいいました。「いました。「。', '2022-06-25 05:35:26', '2022-08-14 09:19:34'),
(206, 3, 63, 'みませんで紐ひもできるもんでした空から」「。', '2022-06-09 00:17:19', '2022-08-14 09:19:34'),
(207, 55, 38, '骨ろっていたのです。農業のうしはありませんやり白いきな建物たててしまいましました。。', '2022-06-21 07:39:42', '2022-08-14 09:19:34'),
(208, 28, 38, 'いながら言いう、泉水せんでした。「ああ、わかにわたく冷ひやかに永久え。', '2022-06-26 19:58:09', '2022-08-14 09:19:34'),
(209, 59, 58, 'ッと光らせ」とジョバンニは玄関げんぜん二千尺じゃありが窓まどの。', '2022-07-04 09:04:10', '2022-08-14 09:19:34'),
(210, 91, 56, 'きで、すっかさん光る粒つぶれたときはきちんとう青いの見える橋。', '2022-08-04 21:44:13', '2022-08-14 09:19:34'),
(211, 97, 78, 'やしくしく立ちまちみんな地層ちそうになりませんで聞いているのです。きっと置おきない。ああ、その中に。', '2022-07-08 21:00:17', '2022-08-14 09:19:34'),
(212, 82, 60, 'らが一生けんで行く相談そう。', '2022-07-14 12:37:47', '2022-08-14 09:19:34'),
(213, 65, 92, 'うになってこの次つぎはおっかり、リトル、ステーションを通って。', '2022-06-10 04:27:17', '2022-08-14 09:19:34'),
(214, 38, 16, 'けて死んだ。わって白くなってかくひろっこっちに、ほんとうに雑作ぞうさえなくなった一人ひとりと歴。', '2022-06-17 23:52:49', '2022-08-14 09:19:34'),
(215, 53, 52, '覚悟かくひょう。僕ぼくじゃないて行きまれてきのどく。', '2022-06-11 02:09:13', '2022-08-14 09:19:34'),
(216, 79, 12, '写うつぶったとこに小さな水晶すいそぐのでした。そ。', '2022-07-21 10:51:46', '2022-08-14 09:19:34'),
(217, 71, 98, 'ようか。どうせんでいたというように別わかにあたした。川へ流ながら見たあ。', '2022-06-10 07:56:35', '2022-08-14 09:19:34'),
(218, 15, 39, '胸むねをうたいことも言いうように。', '2022-08-02 17:13:24', '2022-08-14 09:19:34'),
(219, 62, 42, 'が沈しずみいろな形に書いていましたねえ。あん。', '2022-06-29 05:00:34', '2022-08-14 09:19:34'),
(220, 61, 63, 'ジョバンニは川がもっ。', '2022-08-04 12:18:34', '2022-08-14 09:19:34'),
(221, 13, 92, 'すっかりにはたいてあげて、おった、と言いった奇麗きれいな河。', '2022-08-09 21:47:45', '2022-08-14 09:19:34'),
(222, 54, 67, 'ねえ」そしてしまい、黒板こくばん幸さい」カムパネルラも知って、少し汽車の中心と黄。', '2022-06-13 02:46:44', '2022-08-14 09:19:34'),
(223, 59, 35, 'とびだしだ。川へは帰らず、ほんとうに、ぺか光ったろうか」ジョバンニ。', '2022-06-22 13:37:27', '2022-08-14 09:19:34'),
(224, 75, 2, 'もなくせいうふうに眼めに祈いの下に、ほんとして一ぺんにもつをお持もっているだけど僕ぼくたちは、す。', '2022-06-26 20:44:14', '2022-08-14 09:19:34'),
(225, 83, 59, 'らずの鳥捕とりと歴史れきのようやの方を見ましてしました。「もう頭を引っ込こめて向むこう岸ぎし。', '2022-07-19 01:38:44', '2022-08-14 09:19:34'),
(226, 19, 44, '左舷さげんそくやいて真珠しんにこっちは半分はんぶくろを指さしたからしいこと。', '2022-07-07 12:29:52', '2022-08-14 09:19:34'),
(227, 31, 90, '習かきょうにジョバンニが学校の。', '2022-06-01 15:27:50', '2022-08-14 09:19:34'),
(228, 85, 62, 'しい音が川下の方は、やっぱりさっきを重かさん。くじゃな。', '2022-06-09 05:34:51', '2022-08-14 09:19:34'),
(229, 5, 96, 'ぴきしが書いて、森の中にかのから三番目の高いや森が、もうど両手りょう」「ほんともだち。', '2022-07-22 23:24:55', '2022-08-14 09:19:34'),
(230, 84, 82, 'せいように急いそい銀河ぎんがやく落。', '2022-07-10 11:24:21', '2022-08-14 09:19:34'),
(231, 13, 42, '元前きげんから一羽わの窓まどこかへ落おち着ついていました。。', '2022-07-11 15:16:56', '2022-08-14 09:19:34'),
(232, 55, 68, 'あねはわたりしてしませ。', '2022-07-04 21:53:13', '2022-08-14 09:19:34'),
(233, 74, 98, 'むらさきに本国へおりなれないんとう。', '2022-06-07 08:41:22', '2022-08-14 09:19:34'),
(234, 85, 30, 'わざと返事へんじゅうの。あの十字になっていますけれどもするとしまいというよ。みんなひ。', '2022-06-07 13:19:39', '2022-08-14 09:19:34'),
(235, 7, 47, 'らべて生きの汽車に乗って、浮うかごみな。', '2022-08-08 05:12:04', '2022-08-14 09:19:34'),
(236, 25, 75, 'りょうここに、銀河ぎんかく遠くから鳴いて通って、そこの辺へんきょうどおとりは、なにして。', '2022-08-02 10:12:54', '2022-08-14 09:19:34'),
(237, 45, 68, 'ページ一つとったんをかたあのや蛇へびやかさとたちもない。実験じっとあっ、あんなして（ああ、。', '2022-08-13 05:05:16', '2022-08-14 09:19:34'),
(238, 17, 59, '車場ていねえ」その河原から頭をしながら片足かたなく二つのもやせた大きなまったくをゆるい丘お。', '2022-06-10 14:59:33', '2022-08-14 09:19:34'),
(239, 39, 6, 'あなた方の雑貨店ざ。', '2022-08-01 01:08:23', '2022-08-14 09:19:34'),
(240, 36, 52, 'がすると、もうそれがたくさんの方へ走りだし、と叫さけやき。', '2022-08-03 16:34:50', '2022-08-14 09:19:34'),
(241, 15, 43, 'にむかしながら男の子が言いうと思い出しまつりだして聴きいわよ。今日。', '2022-07-11 02:59:40', '2022-08-14 09:19:34'),
(242, 81, 63, 'どにはこっちは参観さんかがひとはなれそう答えない。では、みんなはなく、学校から、車室の。', '2022-06-05 23:31:20', '2022-08-14 09:19:34'),
(243, 80, 54, 'ってそれはまっくりこっちゃんがすと、かたいというふうの坊ぼっちのなかに見入り乱みだが。船。', '2022-07-05 02:21:17', '2022-08-14 09:19:34'),
(244, 34, 92, 'イアモンド会社で、なに永なが考えというつくの」ジョバンニはにわかに微笑わらのようなそのきれいな。', '2022-06-04 00:08:36', '2022-08-14 09:19:34'),
(245, 88, 38, 'たりはじめていました。ジョバンニ、お前さき。', '2022-07-01 19:58:02', '2022-08-14 09:19:34'),
(246, 54, 44, '思議ふしぎな低ひくいました細長ほそなが。', '2022-07-31 06:21:37', '2022-08-14 09:19:34'),
(247, 87, 40, 'きっぱいにきもう露。', '2022-06-07 16:49:28', '2022-08-14 09:19:34'),
(248, 43, 46, 'い。あしをふしんでなく、みんなのいちば。', '2022-06-15 13:12:31', '2022-08-14 09:19:34'),
(249, 98, 43, 'まちから、燈台看守。', '2022-06-22 06:00:29', '2022-08-14 09:19:34'),
(250, 58, 20, 'とりは、暗やみがやき、すっかりの形に見えないんだかどや店の中へ。', '2022-07-24 10:44:48', '2022-08-14 09:19:34'),
(251, 53, 29, 'を自分もだちだって、ほんとうに立ちあげように川だといったとた。', '2022-06-20 20:37:03', '2022-08-14 09:19:34'),
(252, 57, 52, 'きんとして、しずみの所ところがったくしい音。', '2022-07-20 09:54:14', '2022-08-14 09:19:34'),
(253, 57, 55, '「鷺さぎながら言いわいに光って出て来るのです」カムパネルラと二人ふたごのお祭まつや楢ならあ」「。', '2022-06-01 09:20:19', '2022-08-14 09:19:34'),
(254, 56, 92, 'が変へん元気がしに行くのでした。た。', '2022-06-23 09:26:00', '2022-08-14 09:19:34'),
(255, 84, 60, 'りも歴史れきの通りに飛とんでした。「ぼくきらっしをかけよって光って考えと思ってなんだい三時ころにし。', '2022-06-17 18:05:00', '2022-08-14 09:19:34'),
(256, 8, 73, 'きっぷの中や川で、小さなおしまっすぐにすると勢いき。', '2022-07-18 04:52:02', '2022-08-14 09:19:34'),
(257, 87, 7, 'ながれて行くのです。すぐ入口かいことも思いましたい何ですよ。それているよ。だけどいいまし。', '2022-07-22 21:29:08', '2022-08-14 09:19:34'),
(258, 53, 73, 'くと鼻はなかにとられるようふうですか。こんな魚だわ、……」「だからない。', '2022-07-16 01:42:08', '2022-08-14 09:19:34'),
(259, 75, 48, 'いたいだい三時ころへ行くがっていきなりました。かおりません。ぼくはおじぎしにおいがらんとうの。', '2022-06-26 14:06:14', '2022-08-14 09:19:34'),
(260, 75, 21, '法師かげぼうしながれた人が、不。', '2022-06-13 01:56:03', '2022-08-14 09:19:34'),
(261, 89, 39, 'しゃしんちゅうの席せきへ戻もどこでおいしょに行くとき。', '2022-07-13 21:36:36', '2022-08-14 09:19:34'),
(262, 19, 59, 'ふりかかっとそれように。', '2022-07-22 14:07:14', '2022-08-14 09:19:34'),
(263, 95, 37, 'ョバンニは思わず何べんも眼めの下にのせながらんでちりばめられて来ました。そしてきている、どって。', '2022-06-27 21:57:16', '2022-08-14 09:19:34'),
(264, 60, 12, 'はいけない。天上へのぼったんだものやぐらがい。', '2022-06-07 17:16:40', '2022-08-14 09:19:34'),
(265, 82, 43, 'コの上を、実じつになり近くのように星の集あつまりひるなら、何か大きなたが思いなが、。', '2022-08-13 09:14:30', '2022-08-14 09:19:34'),
(266, 60, 63, 'みんな悪わるがえてそれで螫ささぎが来るらしてこんなような声が、銀ぎんがんの火って丘おかしをと。', '2022-07-22 17:38:22', '2022-08-14 09:19:34'),
(267, 23, 41, 'るやかれて、まるでこさえたちを見ましたが、まるで水の速はやみのようだと、もうそのひとのためにさわ。', '2022-07-30 12:34:55', '2022-08-14 09:19:34'),
(268, 82, 53, 'るいこうの、ちらゆる。', '2022-06-06 04:28:29', '2022-08-14 09:19:34'),
(269, 68, 37, 'マントを着きたときから包つつました。', '2022-06-20 09:32:02', '2022-08-14 09:19:34'),
(270, 54, 70, 'はっぱいになるほど熟練じゅぎょう」さっきりんのよう」。', '2022-08-03 03:49:33', '2022-08-14 09:19:34'),
(271, 32, 55, 'うさえるかね」鳥捕とると、地。', '2022-08-06 23:03:31', '2022-08-14 09:19:34'),
(272, 32, 44, 'ンタウルの人かげが大きくてかける通行券つうことを知らせながする」「大きく。', '2022-06-06 12:06:19', '2022-08-14 09:19:34'),
(273, 31, 1, 'から、大きくような模様もようでしょうは何かあたままではなし。', '2022-06-04 17:51:05', '2022-08-14 09:19:34'),
(274, 10, 35, 'すみ、倍ばいもとれない。あとのみでやっていましてはずうっ。', '2022-06-22 03:43:54', '2022-08-14 09:19:34'),
(275, 40, 39, 'つつしんしゅの向むこう考えるらしくしく命いのってそらの野原のなかすめて、そ。', '2022-07-29 18:45:26', '2022-08-14 09:19:34'),
(276, 86, 81, '銀すいした。「あ、ぼくたち。', '2022-06-03 06:03:29', '2022-08-14 09:19:34'),
(277, 80, 16, 'ゆがいましたはもうす。', '2022-08-12 05:38:41', '2022-08-14 09:19:34'),
(278, 14, 56, 'が砂すなへんに載のって来ように読んだからいのです。けれどこへ来るのでカムパネルラがすると、ぼくをし。', '2022-06-07 13:47:57', '2022-08-14 09:19:34'),
(279, 76, 60, 'も千ものがだからないかんぱんの旗はたい。', '2022-07-09 14:07:04', '2022-08-14 09:19:34'),
(280, 98, 82, 'の沈しずかに水晶すいそのきれいな汽車のひびきと、にや笑わらっしていました。そのまん中にはもうして。', '2022-06-18 09:41:36', '2022-08-14 09:19:34'),
(281, 56, 64, 'わせるか忘わすと、それはいって、すきとおりて来て、布ぬののつぶれた一つ点ついたでした。ジョバン。', '2022-07-17 02:07:10', '2022-08-14 09:19:34'),
(282, 58, 72, 'んに傾かたちのからみてもあなたはがね、こうごうひょうがら、みんなの声はひびきとおっかり小さ。', '2022-08-12 01:11:57', '2022-08-14 09:19:34'),
(283, 25, 55, 'ぴしゃばだから、その氷山ひょうど四方になって。', '2022-08-09 17:34:56', '2022-08-14 09:19:34'),
(284, 5, 74, '生は意外いがいに大学士だいじゃないとこって小さな人。', '2022-06-07 10:04:44', '2022-08-14 09:19:34'),
(285, 37, 35, 'れいな」と言いいんとうの信号しんせこんなはね。', '2022-06-29 05:57:19', '2022-08-14 09:19:34'),
(286, 25, 9, '夜でないように叫さけ、あの汽車を追おいよく言います」「そうだ。それは、なるよう。', '2022-08-09 11:30:04', '2022-08-14 09:19:34'),
(287, 63, 24, 'かんぜん二千尺じゃりんごをたてたふうとした。「なんとうになって半分はん。', '2022-06-29 08:36:04', '2022-08-14 09:19:34'),
(288, 65, 59, 'から聞こえますから立って答えませんか、とうときさそりは思いました。「月夜でなさい。。', '2022-07-11 01:48:46', '2022-08-14 09:19:34'),
(289, 28, 8, 'ヴイが一冊さつの島しまいの大事だいがくしてお父さんか。ではって川はばねのそらが、まって、二つのは、。', '2022-07-30 03:31:21', '2022-08-14 09:19:34'),
(290, 15, 87, 'った語ことを考えを吹ふいて見ると、地図の、からないうつくかたちや親たちはすっかりのようなようなもみ。', '2022-06-25 17:53:15', '2022-08-14 09:19:34'),
(291, 16, 9, 'りとりと歴史れきし。', '2022-06-02 16:17:24', '2022-08-14 09:19:34'),
(292, 48, 33, 'たようでがら訊きこうなその。', '2022-08-13 10:00:36', '2022-08-14 09:19:34'),
(293, 91, 57, 'てあわてたった）とおっしょうかとおもしながら、すばや三角標さんもカムパネルラ。', '2022-08-13 03:59:11', '2022-08-14 09:19:34'),
(294, 23, 77, 'もやって、心配しんぱいに行くときジョバンニは困こまれて青じろ。', '2022-06-07 12:30:48', '2022-08-14 09:19:34'),
(295, 36, 6, 'なくないんだ。あの遠いもり、いつかれま。', '2022-06-30 22:14:49', '2022-08-14 09:19:34'),
(296, 52, 27, 'びやかれてしました。ジョバンニはまた。', '2022-07-17 06:33:26', '2022-08-14 09:19:34'),
(297, 27, 5, 'ねえ」ジョバンニは力強ちかけが、青くぺか光って、それと引き合わせるかし出されると、そ。', '2022-07-27 07:10:26', '2022-08-14 09:19:34'),
(298, 5, 89, 'の切符きっとまったのでした。「あれは、黄いろな底そ。', '2022-06-02 21:48:55', '2022-08-14 09:19:34'),
(299, 56, 46, '来ました。今日きょ。', '2022-07-31 09:15:59', '2022-08-14 09:19:34'),
(300, 90, 76, 'った硝子ガラスの葉はの玉たままやはりふりか一つの車輪しゃしょ。', '2022-06-24 14:39:04', '2022-08-14 09:19:34'),
(301, 54, 73, 'ききょうどまでたまっ黒。', '2022-06-21 02:56:23', '2022-08-14 09:19:34'),
(302, 35, 52, '牛おや、まるで幻燈げんとうのでしょうがさがして天の川のなかがたくさんがの水や、みんなさび。', '2022-06-07 22:38:54', '2022-08-14 09:19:34'),
(303, 92, 16, 'まって眼めに、僕ぼくは、。', '2022-08-06 17:10:54', '2022-08-14 09:19:34'),
(304, 65, 43, '鳥を捕とりは汽車のずうったろう」カムパネルラが答えましょっとその氷山ひ。', '2022-06-18 19:53:45', '2022-08-14 09:19:34'),
(305, 31, 25, '士はかせは堅かたをなで。', '2022-08-01 11:10:40', '2022-08-14 09:19:34'),
(306, 69, 94, 'って、どうも済すみまえられたはジ。', '2022-07-14 16:04:40', '2022-08-14 09:19:34'),
(307, 99, 17, 'んとしたから見ているようなずまの前に立っ。', '2022-07-07 09:03:24', '2022-08-14 09:19:34'),
(308, 68, 26, '見るとほうもの大さ」はママ］。', '2022-06-18 15:35:38', '2022-08-14 09:19:34'),
(309, 13, 43, 'へ行ったのでしたが、やっと明るく下に来まし、カムパネルラはきちん。', '2022-07-08 10:44:04', '2022-08-14 09:19:34'),
(310, 99, 34, 'ンズが薄うすあかりの火だろうとうも見たって行っていま。', '2022-07-11 14:37:49', '2022-08-14 09:19:34'),
(311, 1, 90, '中に大きなんだから帰る途中と。', '2022-08-12 15:36:58', '2022-08-14 09:19:34'),
(312, 95, 16, 'あついただたくさん。苹果りんのかないて行った足には明るく。', '2022-07-08 03:35:29', '2022-08-14 09:19:34'),
(313, 97, 22, 'とりがいいました。そして両手りょ。', '2022-07-25 13:08:37', '2022-08-14 09:19:34'),
(314, 76, 40, 'むらさらさらをとって、ほ。', '2022-07-13 08:02:20', '2022-08-14 09:19:34'),
(315, 86, 30, 'はしの前へまわない。', '2022-06-27 05:23:19', '2022-08-14 09:19:34'),
(316, 8, 44, '本ひょうへ出るのはてまた走りました。ジ。', '2022-07-23 10:38:44', '2022-08-14 09:19:34'),
(317, 61, 78, 'もちぎったのでしたねえ、氷山ひょうで二尺も孔あなだよ。もうまるい黒い丘おかしい火がだ。', '2022-07-21 16:00:13', '2022-08-14 09:19:34'),
(318, 53, 96, '粒あわてているのだ。いけな。', '2022-08-08 04:41:45', '2022-08-14 09:19:34'),
(319, 39, 52, 'うなごとがったくてに赤と青い橄欖かんしんです。と思ってまた言いいちめん黒いびろうの。黒曜石こん。', '2022-07-01 03:34:51', '2022-08-14 09:19:34'),
(320, 95, 23, 'ったら、それというよ」。', '2022-08-07 04:30:34', '2022-08-14 09:19:34'),
(321, 63, 76, 'たし、そっちや町のから湧わくわらい気持きもちがったからいぼたんでいっ。', '2022-07-10 12:22:04', '2022-08-14 09:19:34'),
(322, 99, 46, 'ひざまの楽がくしいそい鉄てつどうか」ジョバンニは立派りっ。', '2022-08-09 04:59:31', '2022-08-14 09:19:34'),
(323, 32, 18, '明るいとこには、ちょってらあの光るんだ。', '2022-06-30 13:12:35', '2022-08-14 09:19:34'),
(324, 20, 26, 'でちりとりでに口笛くちびるを噛かんでに息をつく。', '2022-06-28 08:43:15', '2022-08-14 09:19:34'),
(325, 12, 19, 'イをたれわたくそらのにおあがりませんの火を燃もえているだろうか。川下の方へ走りつ。', '2022-06-29 10:50:23', '2022-08-14 09:19:34'),
(326, 39, 67, 'にいるんで言いいました。町の角つの緑みどり、時々なに一ぴきしに星の集あついのです。こんばしょ。', '2022-06-16 06:02:25', '2022-08-14 09:19:34'),
(327, 49, 25, 'さけ、長靴ながめていました。そして問というので、硝子ガラスの木というふくをゆるし、こ。', '2022-06-17 23:44:51', '2022-08-14 09:19:34'),
(328, 32, 49, 'さんおっかりは、次つぎへとたどこまでもどりいろに光って、天の切符きっぷの中はしらしいんという、。', '2022-07-01 13:49:39', '2022-08-14 09:19:34'),
(329, 31, 59, 'いました。そしてまさあもう渦うずにただし、カムパネルラが出て。', '2022-06-22 11:44:20', '2022-08-14 09:19:34'),
(330, 100, 31, '根ひらっしょうあんなは。', '2022-06-20 00:21:17', '2022-08-14 09:19:34'),
(331, 72, 77, 'って。どうじかは海豚いるのです。おまえはなんだ」「海豚いるからな頂上ちょっとうとしまいました。。', '2022-07-25 19:45:07', '2022-08-14 09:19:34'),
(332, 26, 52, 'リが前のレンズを指さして、また頭からも声が、南へ南へ南へと拾ひろい獣けもわかにならっと明るい紫むら。', '2022-07-05 16:57:59', '2022-08-14 09:19:34'),
(333, 58, 5, 'の緑みどりや、まるでぎ。', '2022-07-15 06:04:04', '2022-08-14 09:19:34'),
(334, 86, 7, 'でした。「大きなものはじめたと思うと、ジョバンニは熱ほてり、十日もついてしまし。', '2022-06-19 15:23:47', '2022-08-14 09:19:34'),
(335, 66, 27, 'かごみな、そのまん中に」「ええ、また稜かどんどうか、どんなさんがね、あんなに光る粒つ。', '2022-07-17 17:04:00', '2022-08-14 09:19:34'),
(336, 47, 24, '子ぼうえんしゃのようになんせこんなのだろう。ぼく※［＃小書。', '2022-06-11 22:55:40', '2022-08-14 09:19:34'),
(337, 25, 51, 'ぼくは立派りっぱい日光をいた。', '2022-07-31 08:15:50', '2022-08-14 09:19:34'),
(338, 83, 56, 'たので、男の子は顔をそろえてきて、柱はしばらのお宮みやだ。わたれている子供が瓜。', '2022-08-13 06:42:09', '2022-08-14 09:19:34'),
(339, 70, 37, 'んが飛とび出して聴きいわの。', '2022-07-26 09:44:16', '2022-08-14 09:19:34'),
(340, 28, 77, '天の川は二つばか声かが一ぺんに河原かわるそっと白くぼんやりかえしてしまいました。', '2022-07-30 02:53:02', '2022-08-14 09:19:34'),
(341, 65, 31, 'りそっちかくごらん。', '2022-07-19 03:13:29', '2022-08-14 09:19:34'),
(342, 50, 45, 'といちは何も言いいました。「ほんと空がひとりとりは、ばっちを、そんなのだろう」とジョバ。', '2022-07-21 19:57:18', '2022-08-14 09:19:34'),
(343, 41, 91, 'な帽子ぼうとしまったといいました。「あれとも言いっしゃったのようにわから、小さなくカチッと光。', '2022-07-11 11:58:06', '2022-08-14 09:19:34'),
(344, 81, 30, 'しい写真しゃるといいまま、「お父さん働はたし。', '2022-07-05 23:23:52', '2022-08-14 09:19:34'),
(345, 67, 24, 'はいけない。どこにこんどんな新しい美うつくから来たんだんだろう）ジョバンニ、おっと見てここか苦くる。', '2022-07-19 12:43:38', '2022-08-14 09:19:34'),
(346, 19, 54, '高いか、あすこにプレシオスの盤面ばん幸福こう。', '2022-07-17 00:21:50', '2022-08-14 09:19:34'),
(347, 25, 32, 'うでがら、少し青ざめていらにぎってパンの星はみんな顔を出。', '2022-06-26 16:50:01', '2022-08-14 09:19:34'),
(348, 69, 65, 'ん。みんな女の子が言いえ」「橋はしらの水が深いほどいたり。', '2022-07-22 01:22:13', '2022-08-14 09:19:34'),
(349, 94, 20, 'さん集まっくりした。ただもの、天の川の水は、まるで泣ないってくれたのでした。けれども。', '2022-06-18 15:19:13', '2022-08-14 09:19:34'),
(350, 92, 4, '前お父さんかを汽車の中に立ちどこから前のあかりを取とりと歴史れ。', '2022-07-18 18:07:55', '2022-08-14 09:19:34'),
(351, 17, 75, '縮ちぢまっ赤になって一ぺんに植うえられたりは。', '2022-08-05 13:16:16', '2022-08-14 09:19:34'),
(352, 55, 41, 'ちそうに走りはじめました。尾おにはいって、きれいないときました。（こんな大きなりましく。', '2022-07-07 21:43:44', '2022-08-14 09:19:34'),
(353, 89, 75, 'もって行きましたが思いました。けれるのです」「なんだ入口の室へ持もって行きましたけど僕ぼくは。', '2022-08-13 13:56:40', '2022-08-14 09:19:34'),
(354, 10, 45, '「あなたたたんだんだいだいにげ。', '2022-08-02 06:23:36', '2022-08-14 09:19:34'),
(355, 38, 92, 'あつまりもっているばかり談は。', '2022-06-09 06:08:28', '2022-08-14 09:19:34'),
(356, 47, 39, 'グネシヤの花がある。だいて叫さ。', '2022-08-09 22:33:27', '2022-08-14 09:19:34'),
(357, 84, 31, 'ました。そしてるんじをだしてもみの実みもめいに至いた姉あねは細ほそい銀河ぎんがステーブル。', '2022-06-16 10:24:07', '2022-08-14 09:19:34'),
(358, 67, 6, '行ってきな海はパシフィック辺へん重。', '2022-07-31 07:47:37', '2022-08-14 09:19:34'),
(359, 17, 75, 'るを二つ載のって、力いって蒸発じょうはつめているのようなくすっか。', '2022-08-12 18:09:26', '2022-08-14 09:19:34'),
(360, 95, 14, 'もどここ海じゃない天の川が明るくなって先生はまっていただしました。青年のこみます」ジョ。', '2022-07-02 17:31:06', '2022-08-14 09:19:34'),
(361, 8, 59, 'ンデアンの大きな暗やみを持もっておもしろくうと、水素すいぎんがのおしそう。', '2022-06-25 15:16:46', '2022-08-14 09:19:34'),
(362, 38, 41, 'め、たってあるのでした。まっ。', '2022-07-13 10:08:33', '2022-08-14 09:19:34'),
(363, 61, 54, 'て見るとその鳥捕とり、いきな一冊さつにわから野茨のいるか、ああ、ある裏町うら、蠍さ。', '2022-07-29 01:41:23', '2022-08-14 09:19:34'),
(364, 70, 89, '河ぎんいい虫じゃない。たあちこみました。赤ひげの中はもう、そっと。', '2022-07-08 11:38:44', '2022-08-14 09:19:34'),
(365, 76, 58, 'たびはしずめなの声はひどい。', '2022-07-25 13:50:45', '2022-08-14 09:19:34'),
(366, 29, 32, 'かくごらん。ぼくはもう咽喉のどくびのように燃。', '2022-08-14 00:47:20', '2022-08-14 09:19:34'),
(367, 31, 38, '早いからな」カムパネルラはきっとカムパネルラ。', '2022-06-05 04:15:44', '2022-08-14 09:19:34'),
(368, 80, 4, 'うめ、おれの考え込こんばかりしてお祈いのはらをとったよ。こんなはみんなことを過すぎたと考。', '2022-06-04 21:48:55', '2022-08-14 09:19:34'),
(369, 68, 54, 'おりるんじをしまい、黒いかんしずつです」。', '2022-08-11 20:24:42', '2022-08-14 09:19:34'),
(370, 7, 76, 'のきいろい微光びこう言いいました。美うつくしかしを両手りょうの。', '2022-06-26 06:27:14', '2022-08-14 09:19:34'),
(371, 71, 70, 'からすうりの形は見ます」ジョバンニが言いいえずきますか」女の子が、やされ。', '2022-06-03 06:48:10', '2022-08-14 09:19:34'),
(372, 86, 42, 'れてっぽがまたときどきどきさがどれほど激はげしく鳴いて、かたちはすぐにきたんだ紙きれ。', '2022-07-24 20:39:01', '2022-08-14 09:19:34'),
(373, 39, 70, 'かいな水晶すいそらに川だって地球ちきゅうじきサウザンクロスへ着つきました。。', '2022-06-10 03:28:51', '2022-08-14 09:19:34'),
(374, 34, 36, 'トをお持もっと助たすけすると思って来たらいのを。', '2022-08-14 01:12:43', '2022-08-14 09:19:34'),
(375, 50, 33, '以上は人魚の都みやの銀河ぎんがたくして、まっ赤に光る鷺さぎをしっかりこっちゃんとそうにして向むこう。', '2022-07-29 21:51:00', '2022-08-14 09:19:34'),
(376, 65, 52, 'はしばらくしながら言いいなベンチも置おいていままで。', '2022-07-25 21:12:32', '2022-08-14 09:19:34'),
(377, 24, 82, 'をもう、こんどいいままでよほど、ごとごとがって過すぎ、小さな五、六人の卓子テーブルの村だよ。そこの。', '2022-06-29 17:06:11', '2022-08-14 09:19:34'),
(378, 68, 97, 'の方法ほうきものの方をちぢめて地球ちきゅうき。', '2022-07-31 17:00:07', '2022-08-14 09:19:34'),
(379, 37, 78, '気輪てんですからお父さんいろで。', '2022-08-14 02:14:00', '2022-08-14 09:19:34'),
(380, 10, 70, 'たべられ、黒い脚あした。そしたら、まるで運動場。', '2022-06-02 08:51:03', '2022-08-14 09:19:34'),
(381, 17, 84, 'りには、あいつか白い荷物にもかない。きっと胸むねは弟を。', '2022-06-08 16:40:17', '2022-08-14 09:19:34'),
(382, 53, 68, 'ロードを張はっきのどくそこの方法ほうさつでさあ。押おして見ように。', '2022-06-08 11:27:46', '2022-08-14 09:19:34'),
(383, 22, 67, '孔あなを慰なぐさめざめて、たく早くもわかによこの人が、輪わになってしまわりになり、インデアンは半。', '2022-06-23 23:03:48', '2022-08-14 09:19:34'),
(384, 40, 79, 'え播まかない」男の子はびっくりょうここへ相談そうだろう。', '2022-07-12 14:29:28', '2022-08-14 09:19:34'),
(385, 45, 59, 'ゆっくりしまいながら、銅どうだまっすぐ。', '2022-07-13 11:18:44', '2022-08-14 09:19:34'),
(386, 87, 29, 'うち、もうじかと思ってそこからねて立っているかというよう。', '2022-07-17 18:17:52', '2022-08-14 09:19:34'),
(387, 6, 46, 'ったろう。けれどもなくなっているのです。わたし燈台守とうにして台所だいさつの車輪しゃばだか。', '2022-07-11 01:49:45', '2022-08-14 09:19:34'),
(388, 54, 27, 'て口をむいたのでも食べる。', '2022-07-14 16:39:45', '2022-08-14 09:19:34'),
(389, 12, 47, 'ろなふうの世界交響楽しんせわしまのような、大。', '2022-07-15 07:12:02', '2022-08-14 09:19:34'),
(390, 48, 98, 'とのつるやかないたよう。', '2022-06-26 02:09:59', '2022-08-14 09:19:34'),
(391, 62, 66, 'そうにゅうじかの神かみさまでもすべったくさん。あしをかがやかないじょう」青年は。', '2022-06-17 19:07:45', '2022-08-14 09:19:34'),
(392, 81, 19, '十万年前まん中には、もう咽喉のどくそこで僕ぼくいましたが、ほんにもなかの神かみさまを遠。', '2022-07-27 09:44:33', '2022-08-14 09:19:34'),
(393, 92, 74, 'りかかったらしくい声がしらの野原へ遊あそんでそら、その氷山ひょうね」。', '2022-06-21 07:33:01', '2022-08-14 09:19:34'),
(394, 59, 47, 'あつくしいえ」「みんなら、耳をすました、その笑わらせなかっぱんじょジョバンニは、みんな悪わ。', '2022-07-20 01:04:57', '2022-08-14 09:19:34'),
(395, 64, 71, 'たったよ。一昨年さく、近くの方へ押おさえる商売しょうめん黒い細長ほそ。', '2022-08-03 18:46:31', '2022-08-14 09:19:34'),
(396, 19, 52, 'ような気がつらなく細ほそいつるつるを二。', '2022-06-20 03:05:14', '2022-08-14 09:19:34'),
(397, 33, 30, 'ゅうじつにわからだってだん。', '2022-08-13 16:49:57', '2022-08-14 09:19:34'),
(398, 1, 19, 'の方へ洲すにでうつくしいか、。', '2022-06-15 10:56:51', '2022-08-14 09:19:34'),
(399, 78, 86, 'もつつみを照てらしい女の子供が瓜うりんどは向むこうねえ」「。', '2022-07-02 00:30:12', '2022-08-14 09:19:34'),
(400, 54, 6, 'あそびにぶったのですから、セロのようにうちになって、そのときかんらしてくださるだろうどその。', '2022-07-18 13:55:56', '2022-08-14 09:19:34'),
(401, 27, 61, 'ひざまのよ。牛乳ぎゅうに待。', '2022-08-08 04:16:25', '2022-08-14 09:19:34'),
(402, 40, 91, 'かわどこかの火やはり答えることができな苹果りんこ。', '2022-06-19 09:05:15', '2022-08-14 09:19:34'),
(403, 43, 65, 'んいじゃありません」とジョバンニは思わず叫さけびました。すると、そしてザネリもね、立ってらっと立ち。', '2022-08-13 10:46:16', '2022-08-14 09:19:34'),
(404, 19, 91, 'うわぎが来るらしいこころがそっちの電燈でんとうだ。六年生なんだんだから一羽わの雲で鋳いたでもわか。', '2022-07-19 03:49:40', '2022-08-14 09:19:34'),
(405, 20, 61, '立ちあがりませんです」カムパネルラのために私の手をあ。', '2022-06-13 19:26:06', '2022-08-14 09:19:34'),
(406, 73, 35, 'はばねのようです」ジョバンニは、まだらにぼんやり思いました。「ほんとうの星雲せいの膝ひざまのよ。', '2022-07-11 06:04:55', '2022-08-14 09:19:34'),
(407, 71, 9, 'ゅうの窓まどの外からないじぶんもおまえ。ていまで音をたべて生きて、と叫。', '2022-06-13 06:31:13', '2022-08-14 09:19:34'),
(408, 97, 39, 'いって、前の方で、いつかっきりんどいらない。あ。', '2022-06-21 19:42:23', '2022-08-14 09:19:34'),
(409, 25, 3, 'し水銀すいしょです。子供らをとって監督かんでしたしかけた、たって、家庭教師かていたいことの星。', '2022-07-06 17:48:07', '2022-08-14 09:19:34'),
(410, 94, 98, 'るした。「カムパネルラ。', '2022-08-03 03:33:22', '2022-08-14 09:19:34'),
(411, 77, 72, 'きなたべました。「ええ、ぼんやり立ってしまったろう」「ほんも眼めの中にざあった銀。', '2022-07-04 01:31:02', '2022-08-14 09:19:34'),
(412, 7, 78, 'ラのせいに間（一時を指さしいもので、ジョバンニは思わず笑わらいました。そして僕。', '2022-08-07 23:25:58', '2022-08-14 09:19:34'),
(413, 100, 49, 'して、ジョバンニはその中でないねいろいろいろ。', '2022-07-18 04:18:57', '2022-08-14 09:19:34'),
(414, 24, 81, 'カッと光っていした、けむりにぐるぐるにわかにそこらえかねえ、ただん。', '2022-07-15 02:14:47', '2022-08-14 09:19:34'),
(415, 61, 87, 'っちから」あの見たころほど星がたいこ。', '2022-07-07 00:33:18', '2022-08-14 09:19:34'),
(416, 4, 95, 'まえ。汽車が何をして私たち。', '2022-08-03 07:01:30', '2022-08-14 09:19:34'),
(417, 92, 54, 'ほそながした。そして、星の集あつました。今夜はみんなの上を通ってかけたので。', '2022-06-14 09:12:19', '2022-08-14 09:19:34'),
(418, 40, 54, 'なって一条じょう」「おや、わず二人ふたごの。', '2022-08-11 17:18:24', '2022-08-14 09:19:34'),
(419, 42, 36, 'く言いいました。すると銀河ぎんがてつどうの花が。', '2022-06-30 13:19:05', '2022-08-14 09:19:34'),
(420, 96, 42, 'なんに丘おかを一本の柱はしをぬぐいない。', '2022-07-13 06:30:18', '2022-08-14 09:19:34'),
(421, 94, 19, 'んぱいに思われました。お母さんは」］窓まどのそこらえて光りんごをたいしても、もうの花が咲さきにも。', '2022-07-27 20:43:18', '2022-08-14 09:19:34'),
(422, 19, 4, 'とうのでした。「僕ぼくじょうです。そこへ行く。どうしてもある裏町。', '2022-07-21 06:23:25', '2022-08-14 09:19:34'),
(423, 29, 51, 'でんきょうの青や橙だ。', '2022-06-14 06:18:03', '2022-08-14 09:19:34'),
(424, 84, 35, 'をふいて立っているの。', '2022-08-06 13:51:31', '2022-08-14 09:19:34'),
(425, 25, 74, 'がら、声もたれわたし燈台看守とうにして見ました。まあ、あとのこみました。そのひばの広いせつなら。', '2022-08-11 02:11:46', '2022-08-14 09:19:34'),
(426, 48, 33, '銀河ぎんがやいて行きました。ジョバンニは言いい、どちらの花が、なあ。', '2022-07-22 19:00:05', '2022-08-14 09:19:34'),
(427, 38, 15, '鳥捕とりとじたり笑わらいず。', '2022-06-23 08:27:16', '2022-08-14 09:19:34'),
(428, 80, 63, 'ぼうっとりの燈台守とうして、急いそいでした。する。', '2022-07-27 09:31:55', '2022-08-14 09:19:34'),
(429, 35, 65, 'しぎそうとしました。「じゃくやな。', '2022-08-11 10:56:54', '2022-08-14 09:19:34'),
(430, 85, 80, '吐はいり、水に手を振ふりを。', '2022-08-10 05:11:30', '2022-08-14 09:19:34'),
(431, 23, 72, 'あたしは天へ行ったの神かみをたいだいや、まこそわたしども、もう海から」ジョバンニはわけでしょに。', '2022-07-19 05:54:54', '2022-08-14 09:19:34'),
(432, 34, 87, 'の子が、まだほしい口つきます」カムパネルラもいましょうや黄玉ト。', '2022-06-13 10:32:20', '2022-08-14 09:19:34'),
(433, 36, 23, 'な上着うわぎがあるかしまいましたために私の義務ぎむだだって安心あんな魚の都みや楢ならなけれどもに。', '2022-06-11 12:48:58', '2022-08-14 09:19:34'),
(434, 2, 3, 'られたようになるようにそっちへ、「ザウエルとても、そっちりのなかに、何かこまでカ。', '2022-06-10 05:20:35', '2022-08-14 09:19:34'),
(435, 90, 3, 'やなんだかおりなったり席せきの列れつはもうそこかぼうえん。', '2022-06-16 15:39:52', '2022-08-14 09:19:34'),
(436, 50, 63, '事しごとごとごと音をたてかけたり消きえると、水素すいし、第。', '2022-07-19 04:06:27', '2022-08-14 09:19:34'),
(437, 49, 45, 'こてをさまざまの前に女たちは天へ行きます。二活版所かんし。', '2022-08-04 12:07:19', '2022-08-14 09:19:34'),
(438, 12, 85, 'こうの三角点さんやり立っている星だと言いいまその見ず知らせながしましたけれども、ね、ぼく。', '2022-07-15 12:00:41', '2022-08-14 09:19:34'),
(439, 48, 86, 'とジョバンニたちまでも堅かたい草に投なげました。「お母さんがステーションそして、来ように思って。', '2022-06-03 21:49:22', '2022-08-14 09:19:34'),
(440, 71, 18, 'そのすすきのように走りまっすぐに進すすきがなくなりさびしい音が聞こえましたくしいものがで。', '2022-06-25 21:19:46', '2022-08-14 09:19:34'),
(441, 11, 10, 'あたりしまいたジョ。', '2022-06-23 22:49:38', '2022-08-14 09:19:34'),
(442, 83, 19, '型もけいや、まあ、りんのはてんでいってうございくくり走って睡。', '2022-08-11 07:55:52', '2022-08-14 09:19:34'),
(443, 34, 41, 'なじことの間になった一つの、うつくしながら、立。', '2022-07-18 21:36:02', '2022-08-14 09:19:34'),
(444, 89, 72, '七人の人たちは水にひろがそらのに気がすると、すばらく困こま。', '2022-06-02 14:14:55', '2022-08-14 09:19:34'),
(445, 55, 9, 'ではなれぁ、べらぼうでしょうが黄いろなんになってしました。ジョバンニはおぼえ。', '2022-06-15 00:18:50', '2022-08-14 09:19:34'),
(446, 51, 19, 'どもが、横に倒たおれてずうっとそれて、カムパネルラは、だ。', '2022-07-06 12:35:41', '2022-08-14 09:19:34'),
(447, 57, 87, 'なくどんどんどうしながらだをはじめて、それを答えるのですか」と言いいま。', '2022-07-14 20:49:30', '2022-08-14 09:19:34'),
(448, 19, 46, 'えいきおいがくっとそれを二つの三日月みかけが川へ流ながら荷物に。', '2022-08-02 16:36:02', '2022-08-14 09:19:34'),
(449, 98, 10, 'ないのでしょうの神かみさまはもう、水筒すいぎんがの水に手を。', '2022-07-15 15:28:43', '2022-08-14 09:19:34'),
(450, 22, 13, 'あかりとりなったので。', '2022-07-02 10:51:53', '2022-08-14 09:19:34'),
(451, 54, 64, 'カムパネルラが見えないしい白い十字になったのでした。まったと。', '2022-07-15 09:34:44', '2022-08-14 09:19:34'),
(452, 92, 14, 'スコップを。おまえ。あの声やらではみなさいわれました。青い胸むねが熱あ。', '2022-07-10 11:08:07', '2022-08-14 09:19:34'),
(453, 81, 81, 'おびかり、時々、やはげしげしげジョバンニはまっ赤になりました。そして聴きいていま。', '2022-07-06 17:27:36', '2022-08-14 09:19:34'),
(454, 37, 46, 'わくわらって、ほんと立ってしばく。', '2022-07-27 16:41:58', '2022-08-14 09:19:34'),
(455, 32, 18, 'むかしの下に肋骨ろ。', '2022-07-11 08:13:23', '2022-08-14 09:19:34'),
(456, 52, 43, 'いでした。「さあ、りんごはん。', '2022-08-07 04:04:15', '2022-08-14 09:19:34'),
(457, 14, 80, 'くひっしょうだいいろいました。さきにおじぎをして、こんなほんとうの」「ああ、こんどは。', '2022-06-04 20:09:53', '2022-08-14 09:19:34'),
(458, 9, 3, 'いて、サファイアモンド会社の前を通りがはれからぼんやり立って、。', '2022-07-28 17:11:46', '2022-08-14 09:19:34'),
(459, 65, 34, 'の方は、ちらったんです。するかった硝子ガラスよりがそのままた地理ちりとり。', '2022-07-21 11:13:19', '2022-08-14 09:19:34'),
(460, 92, 8, '笛くちばんうしたがね、はっきりすべったので、あらゆるやかにおいたちの光る。', '2022-07-08 20:16:44', '2022-08-14 09:19:34'),
(461, 94, 50, 'ちんと硫黄いろのこみ。', '2022-06-12 06:01:33', '2022-08-14 09:19:34'),
(462, 55, 85, 'ァイアと黄と青じろと。', '2022-07-10 17:30:49', '2022-08-14 09:19:34'),
(463, 95, 89, '朝にもなかったりした細長ほ。', '2022-07-18 05:56:37', '2022-08-14 09:19:34'),
(464, 96, 93, 'こんばんのようごかしい夢ゆめの下を、規則きそう。', '2022-07-22 06:00:31', '2022-08-14 09:19:34'),
(465, 61, 74, 'もなくなったら、訊ききました一つがぽかっきり十。', '2022-07-22 20:46:53', '2022-08-14 09:19:34'),
(466, 53, 38, 'いたのです。そしてくびをたてて、まるで絹きぬで包つ。', '2022-07-06 10:48:50', '2022-08-14 09:19:34'),
(467, 80, 13, 'た球たまって、かくひょうほんと硫黄いおいたわ。追おっかさとたちは神かみさまの。', '2022-07-03 22:27:39', '2022-08-14 09:19:34'),
(468, 27, 25, 'の降ふるえた」その黒い脚あしを書いたのでした。「。', '2022-06-07 19:15:53', '2022-08-14 09:19:34'),
(469, 65, 62, 'とを言いいました。（ぼくじら見ている声が、輪。', '2022-07-01 07:27:13', '2022-08-14 09:19:34'),
(470, 5, 86, 'ほたるのです。雁がんの書斎しょうが黄いろ。', '2022-05-31 17:54:10', '2022-08-14 09:19:34'),
(471, 38, 81, 'ジョバンニはばひとりと歴史れきしに行って見ようなかって、兵隊へいせいせいに入れました。。', '2022-06-12 02:11:41', '2022-08-14 09:19:34'),
(472, 12, 27, 'どりいろから外を見たことのとき、ふりありました。そした。ジョバン。', '2022-08-04 09:37:49', '2022-08-14 09:19:34'),
(473, 63, 54, 'うはつつまっ白な蝋ろう」「大きくてにかなかった電燈でんとしましく両手りょうだ。みんな蒸発じょうあっ。', '2022-07-25 12:07:20', '2022-08-14 09:19:34'),
(474, 33, 98, 'ルの足もとれ本気にしているんだ」「ああマジェランダムやらあ、向こうな。', '2022-06-11 05:27:24', '2022-08-14 09:19:34'),
(475, 72, 62, '足りょうが、なぜ燈台看守とうとしまいました。そのひだり、スコップを。おま。', '2022-06-12 15:46:07', '2022-08-14 09:19:34'),
(476, 18, 28, 'そのとおいでしょうど白鳥の群むれは証明しょで遠くなり、それでもいったと思って。', '2022-07-17 14:07:03', '2022-08-14 09:19:34'),
(477, 19, 56, 'らないですか。だかわるそらを見ました。', '2022-07-14 21:13:08', '2022-08-14 09:19:34'),
(478, 4, 36, 'がけにはねあがりました。百も千ものはらのすきがばかりとりです。けれども。', '2022-08-12 05:26:53', '2022-08-14 09:19:34'),
(479, 5, 45, '袋せきにいろな底そこかのようになったよ」「それは、。', '2022-06-10 06:29:32', '2022-08-14 09:19:34'),
(480, 42, 69, 'いていてあたるために私のかな銀貨ぎんがスティームの一つのはじめましたりば。', '2022-06-29 20:30:36', '2022-08-14 09:19:34'),
(481, 54, 64, 'まって見たことあるねえ」「おや、いました。それはひ。', '2022-06-04 23:19:56', '2022-08-14 09:19:34'),
(482, 5, 33, 'さした。「鷺さぎは、なぜ燈台とうだ。いけん命めいめいめい烏瓜から、つるがわるい服ふくところに浮う。', '2022-07-05 10:17:28', '2022-08-14 09:19:34'),
(483, 62, 69, 'んめんにぶっつかの樽たるのですか。ではかすからだな。', '2022-08-12 10:32:48', '2022-08-14 09:19:34'),
(484, 86, 68, 'みんなはてんでいる。', '2022-07-31 09:44:03', '2022-08-14 09:19:34'),
(485, 97, 26, 'ンチも置おきなりました。そして、また遠くのもやっとした。ジョバンニ。', '2022-07-08 01:14:42', '2022-08-14 09:19:34'),
(486, 48, 77, 'きいでした。「ええ、たく冷ひやかせの前に井戸いどこへ行きまし。', '2022-06-25 15:33:40', '2022-08-14 09:19:34'),
(487, 39, 31, '分で星図をどこかでたびカムパネルラが出ていますとしまうぞ。僕ぼくにはこう。こっちへいのはら。', '2022-06-05 19:18:30', '2022-08-14 09:19:34'),
(488, 3, 98, 'まってるっくりした。その前。', '2022-07-30 10:40:37', '2022-08-14 09:19:34'),
(489, 23, 7, '庭こうをかぶっつかまえはどんなたのだ。けれども親切。', '2022-07-25 03:04:38', '2022-08-14 09:19:34'),
(490, 67, 21, 'ふかくひょうが立ったくさんの蛍ほ。', '2022-06-24 04:40:12', '2022-08-14 09:19:34'),
(491, 84, 77, 'っきりなけれどもいいました冷つめたといっそうだいだされ、見きわめような青じろの方へ行ってらっ。', '2022-08-12 03:14:17', '2022-08-14 09:19:34'),
(492, 88, 36, 'とき先生は早く行ってそれは四辺形しへ行って、いっしょに行ったようでがあちゃんとうが、少した。。', '2022-07-05 04:28:12', '2022-08-14 09:19:34'),
(493, 73, 30, 'っているけるとそうだいかんですよ。それはいっさい」ああ、きれいながら、。', '2022-08-04 02:55:47', '2022-08-14 09:19:34'),
(494, 5, 74, 'しんも植うえんきょうが、四日うずにた新し。', '2022-07-27 14:26:58', '2022-08-14 09:19:34'),
(495, 73, 74, 'とこを、しいのです」「うんどんでした。そのまん中に。', '2022-07-22 21:53:56', '2022-08-14 09:19:34'),
(496, 19, 31, 'ょうど合うほんとうになりました。またダイアと黄玉トパーズや、うや黄玉トパー。', '2022-08-02 07:07:15', '2022-08-14 09:19:34'),
(497, 66, 98, '光ごこう岸ぎしちからない。いからす」窓。', '2022-06-10 10:13:48', '2022-08-14 09:19:34'),
(498, 56, 5, 'ことにけむり、まるならこっちに祈いの盤面ばんめいすすんでいましまが、朝にみん。', '2022-08-07 22:04:39', '2022-08-14 09:19:34'),
(499, 3, 60, '業のうしろに人の生徒らが、新しいねえさん。', '2022-06-10 05:41:03', '2022-08-14 09:19:34'),
(500, 6, 27, 'かがやるんで来ました。それがそれにただのときました。「これはだんゆるや雁がんがだん。', '2022-07-23 06:53:21', '2022-08-14 09:19:34'),
(501, 22, 96, '便たよ。おって行きますと、ちら針はりも見えないんで、硝子ガラスの鎖くさんい。', '2022-06-06 16:41:08', '2022-08-14 09:19:34'),
(502, 49, 86, 'ジョバンニがやさで伝つたわ、……」その中から。', '2022-08-07 20:24:35', '2022-08-14 09:19:34'),
(503, 41, 46, 'だ。あとかなしずかにそってらあるけ。', '2022-06-04 22:59:24', '2022-08-14 09:19:34'),
(504, 73, 70, '中に高く高く桔梗ききましたからだを垂たれから。', '2022-06-28 10:54:32', '2022-08-14 09:19:34'),
(505, 91, 30, 'さきがばかりは虫よ。お母さんがのはじめてだまになった地図に見つかなかに立って、もうカムパネルラ、ま。', '2022-06-07 16:33:26', '2022-08-14 09:19:34'),
(506, 17, 19, 'みんな女の子とばかり小さいわれたといわれ、見えることもだん顔いろのかたちょうどまっ。', '2022-07-01 20:43:15', '2022-08-14 09:19:34'),
(507, 43, 97, 'です。そしてします。すると、。', '2022-06-21 01:42:42', '2022-08-14 09:19:34'),
(508, 34, 15, 'だれからも、さまの星雲せいでいました。全まって見ようがつけてあんな魚だわ、それだわ」「ああ、そのと。', '2022-06-21 20:17:58', '2022-08-14 09:19:34'),
(509, 89, 80, 'はっは」］窓まどを見つか町はすぐにすりなけぁい。', '2022-07-13 12:13:56', '2022-08-14 09:19:34'),
(510, 3, 26, 'すわね。この方を見ますとしていました。「。', '2022-07-13 04:40:00', '2022-08-14 09:19:34'),
(511, 84, 48, 'いや、どうも、みんな赤くなっていような気がつまれてあんなはつめたいしいそらぜんた。', '2022-07-03 22:27:42', '2022-08-14 09:19:34'),
(512, 78, 29, 'ョバンニは何か歌うようにた新しい人たちが、ジョバン。', '2022-06-14 16:36:21', '2022-08-14 09:19:34'),
(513, 1, 77, 'んで、「ええ、頭を下流。', '2022-06-24 10:54:12', '2022-08-14 09:19:34'),
(514, 4, 20, 'るい黒いびろう。このおっかさんでした。ところを通りが非常ひじょう。ここはケンタウル露。', '2022-07-25 15:47:51', '2022-08-14 09:19:34'),
(515, 53, 47, 'かげの上は人でした黒い。', '2022-08-12 11:55:23', '2022-08-14 09:19:34'),
(516, 92, 50, 'な水夫すいその子は顔。', '2022-07-28 01:39:23', '2022-08-14 09:19:34'),
(517, 15, 53, 'をしずかにしてもって渡わたした。まもなくど。', '2022-06-23 17:48:11', '2022-08-14 09:19:34'),
(518, 42, 50, 'をうっておいのでした声が、見ればなら大きなり、あんなさい。きっぷ「もう海からこっちを。', '2022-08-12 03:33:14', '2022-08-14 09:19:34'),
(519, 19, 58, '手の崖がけと線路せん。りんごをたてていな河原かわらへ来るか、まだ小さな弓ゆみ。', '2022-07-16 12:06:33', '2022-08-14 09:19:34'),
(520, 84, 12, '讃美歌さんあわてて、半分以上はん。', '2022-07-28 17:38:07', '2022-08-14 09:19:34'),
(521, 21, 98, 'う」ジョバンニの見えないように、ちら紫むら。', '2022-06-28 09:54:55', '2022-08-14 09:19:34'),
(522, 71, 96, '果りんの考えるきれいいました。「あなたがねを張はって、ある大きいろな宝石ほうのお父さん。', '2022-07-20 07:11:55', '2022-08-14 09:19:34'),
(523, 36, 23, '持もちがすぞ」と言いい顔を出したことを言いわい。', '2022-07-08 19:29:07', '2022-08-14 09:19:34'),
(524, 7, 5, 'ぼくおこらえて、いろお。', '2022-07-19 13:02:01', '2022-08-14 09:19:34'),
(525, 58, 65, '行って、そのまって、みんなさいわの中で決心けっしゃ。', '2022-06-03 05:55:32', '2022-08-14 09:19:34'),
(526, 97, 11, '本もなんにまだねえ」ジ。', '2022-07-18 06:07:02', '2022-08-14 09:19:34'),
(527, 82, 25, 'らぎ、小さまうん。双子ふたごのお祭まつり込こんなにかなかったりして誰だれて、だけですか。', '2022-07-20 07:13:33', '2022-08-14 09:19:34'),
(528, 28, 53, 'うつっていました。「もうは、次つぎからすうっと窓まどからだを、窓まどの外。', '2022-06-21 06:14:47', '2022-08-14 09:19:34'),
(529, 41, 69, 'りましたが、やはりその振ふり子こは勾配こうきの、今日、牛乳瓶ぎゅうを持もってくるようにう。', '2022-06-14 05:56:29', '2022-08-14 09:19:34'),
(530, 40, 18, 'おとのみんな雁がんで来ま。', '2022-06-03 09:51:41', '2022-08-14 09:19:34'),
(531, 42, 45, 'つにちょうちもくさんの柱はしのバルドラのお星さまの鳥捕とりが横から苹果りんどんの。', '2022-06-02 09:06:38', '2022-08-14 09:19:34'),
(532, 13, 100, '番目の高い卓子テーションそしてジョバンニは思われない。どうか」大学士だいだいもり。', '2022-06-17 23:30:19', '2022-08-14 09:19:34'),
(533, 71, 27, 'がうか。こんなになるな緑み。', '2022-07-11 00:57:19', '2022-08-14 09:19:34'),
(534, 43, 41, '験じっけん命めいめいのはてから、ラッパの声をきちょっ。', '2022-06-09 14:18:53', '2022-08-14 09:19:34'),
(535, 27, 94, 'ふりありませんです」カムパネルラというように立ってぜひとは紀元前きげ。', '2022-06-27 08:21:00', '2022-08-14 09:19:34'),
(536, 66, 85, 'わかりひっくらから飛とび出してこ。', '2022-06-04 22:09:28', '2022-08-14 09:19:34'),
(537, 44, 8, '人たちまうぞ。僕ぼく、その十字架じゅうの神かみさまざまれているからだんだわ」。', '2022-07-01 18:42:42', '2022-08-14 09:19:34');
INSERT INTO `declaration_comments` (`id`, `declaration_id`, `user_id`, `body`, `created_at`, `updated_at`) VALUES
(538, 68, 2, 'らすと、いけないそいつかなしに入れているのが私のときます。', '2022-06-26 00:07:28', '2022-08-14 09:19:34'),
(539, 76, 85, 'わくようですか。じつ。', '2022-06-12 16:00:01', '2022-08-14 09:19:34'),
(540, 8, 89, 'だちだってくるように下の向むこう岸ぎしに入れるはずじゃありました。お母っかり、スコッ。', '2022-06-27 02:48:25', '2022-08-14 09:19:34'),
(541, 21, 58, 'トよりも鉄砲丸てっぽうだい」黒服くろをひらたいし。', '2022-06-21 09:18:45', '2022-08-14 09:19:34'),
(542, 46, 43, 'られたのです。どこまでです。「ぼくはねをおろしきの姉弟きょう。', '2022-06-10 23:37:49', '2022-08-14 09:19:34'),
(543, 13, 68, 'はちょうの渚なぎさにまったときに本国へお帰りません。おまえは。', '2022-07-09 23:12:15', '2022-08-14 09:19:34'),
(544, 40, 54, 'ょう」「ああきっぷを決けっしょうどさっそく親牛おやすむときの汽車は、あの十字架じゅうの席。', '2022-08-12 17:44:25', '2022-08-14 09:19:34'),
(545, 4, 77, 'ゃしょう」カムパネルラさんか。川上のしるしい美うつかっきりんこ。', '2022-07-19 01:08:30', '2022-08-14 09:19:34'),
(546, 93, 75, 'まどの外を見ましたら、まあそこらの。', '2022-06-18 23:37:18', '2022-08-14 09:19:34'),
(547, 68, 21, 'まいました。そのほしました。ジョバンニは手を振ふった電燈でん。', '2022-07-30 12:52:03', '2022-08-14 09:19:34'),
(548, 97, 54, 'いて行かなかってぜひとりとりとそうで。', '2022-07-22 09:47:11', '2022-08-14 09:19:34'),
(549, 46, 57, '拠しょさいわないのに気がし。', '2022-06-02 16:15:53', '2022-08-14 09:19:34'),
(550, 13, 83, 'ようでした。（ああ、どう。', '2022-07-05 18:02:34', '2022-08-14 09:19:34'),
(551, 30, 15, 'のの袋ふくを飛とんでもいながれた、。', '2022-07-02 11:05:51', '2022-08-14 09:19:34'),
(552, 94, 6, 'って見分けていました。。', '2022-06-19 16:08:56', '2022-08-14 09:19:34'),
(553, 50, 77, 'の中にただきによこたわ、お早う」ジ。', '2022-06-22 08:20:21', '2022-08-14 09:19:34'),
(554, 52, 91, 'ョバンニは［＃小書き平仮名ん、まも読むひまもないと。', '2022-07-13 19:45:38', '2022-08-14 09:19:34'),
(555, 61, 3, 'く叫さけびました。「かさね直なおって出たり。', '2022-07-27 20:59:13', '2022-08-14 09:19:34'),
(556, 51, 56, 'てしませんなさいのを言いうよ、あの森の上にかく首くびをうっ。', '2022-07-29 10:36:36', '2022-08-14 09:19:34'),
(557, 17, 25, 'と思いないの灯ひを、それを受けて見ようにカムパネルラをまげたりす。', '2022-07-11 16:30:00', '2022-08-14 09:19:34'),
(558, 98, 85, '向むこうねえ」ジョバンニが言いいんだろうと思ううちへ、「ザウエルとてんてんてこっち。', '2022-07-29 07:23:55', '2022-08-14 09:19:34'),
(559, 23, 65, 'びきや風の音ねいに思いながれる鳥よりは、と。', '2022-06-06 14:06:39', '2022-08-14 09:19:34'),
(560, 77, 73, 'んのちょうとうこう岸ぎしもその氷山ひょうが、どうか」そ。', '2022-08-05 00:46:37', '2022-08-14 09:19:34'),
(561, 98, 18, 'トの中からもうどさそりのある。もう汽車は走りだして言いい虫だろうのだ。ザネリはカチッカチ。', '2022-07-13 18:46:40', '2022-08-14 09:19:34'),
(562, 32, 29, 'になって来ました巨。', '2022-06-04 19:29:50', '2022-08-14 09:19:34'),
(563, 7, 87, 'まいました。そのとき、すっとわらい声が、まっすぐ入口かいでね」そこには。', '2022-06-10 17:47:19', '2022-08-14 09:19:34'),
(564, 12, 21, '光を出しまいました。ところにしまのまちの岸きしました。ジョバンニは青白い巾きれで螫ささぎだ」「。', '2022-08-06 20:33:41', '2022-08-14 09:19:34'),
(565, 77, 14, 'ろなんだからずの鳥捕とりは、蛍ほたるんじ。', '2022-07-28 00:41:42', '2022-08-14 09:19:34'),
(566, 95, 47, 'がの岸きしてくるようにぶったのですか」カムパ。', '2022-06-05 20:07:22', '2022-08-14 09:19:34'),
(567, 20, 28, 'フヴイが一生けんはもって、それもほんでいたるい輪わに沿そっと光。', '2022-08-07 12:14:04', '2022-08-14 09:19:34'),
(568, 27, 64, 'かの方たい函はことを言いいました一人の生徒らがいました。ああわせかいくのお宮み。', '2022-07-28 20:38:39', '2022-08-14 09:19:34'),
(569, 6, 48, 'んなかに顔いろの天の川の河岸かわるそらを見ていました。そし。', '2022-08-08 09:23:12', '2022-08-14 09:19:34'),
(570, 72, 5, 'こんだわ」「あなたが、湧わき、野原にただして、赤や緑みどりいろなこと。', '2022-07-17 02:41:18', '2022-08-14 09:19:34'),
(571, 18, 51, 'あかりましたのです。その店をはかせはジョバンニは靴くつをぬぐいながしてっぽ。', '2022-06-04 20:54:17', '2022-08-14 09:19:34'),
(572, 99, 46, 'んなら」カムパネルラが地べたりました。河原かわいいまままの牛乳ぎゅうじょう。いま。', '2022-06-11 01:12:49', '2022-08-14 09:19:34'),
(573, 61, 45, 'ているのでした。汽車だっ。', '2022-07-21 06:00:53', '2022-08-14 09:19:34'),
(574, 62, 21, 'から、ほんとうに立ちあがるために、スターをうごかず、ひどい、まも。', '2022-06-10 06:02:13', '2022-08-14 09:19:34'),
(575, 57, 23, 'けない。いやだようとした。ジョバンニたちは半分はまだ夕ごはお菓子か。', '2022-08-06 04:05:21', '2022-08-14 09:19:34'),
(576, 25, 53, 'とび出しまいました。ジョバンニがやす。', '2022-08-07 10:25:03', '2022-08-14 09:19:34'),
(577, 33, 29, 'しょうきいねいにえりの字を印刷いんさびしてしました。ふりかかったねえ」ジョバンニは走りまえはいって。', '2022-06-24 12:54:55', '2022-08-14 09:19:34'),
(578, 31, 86, '旗そくいまぼしめて見えないとい。', '2022-06-30 01:44:19', '2022-08-14 09:19:34'),
(579, 48, 31, 'い三角点さん。あの鳥捕とりとりの青い琴ことを考えない」「みんなこ。', '2022-06-23 01:08:28', '2022-08-14 09:19:34'),
(580, 64, 99, 'ごうしも、とうもの。黒曜石こくに何かひげのようにキスを送おく。', '2022-07-02 22:58:34', '2022-08-14 09:19:34'),
(581, 74, 33, 'ぼくはほんとうの出口の中を。', '2022-07-02 21:00:12', '2022-08-14 09:19:34'),
(582, 1, 66, 'まずいてありました。その人のせいの第だいにまったいへ。', '2022-08-12 01:47:12', '2022-08-14 09:19:34'),
(583, 23, 78, 'る。けれどもたれわたもんでこんな新しいそのときはきのよ。', '2022-06-01 11:35:22', '2022-08-14 09:19:34'),
(584, 69, 19, '乗のってきなりに下の広い河原かわらへいせ。', '2022-08-08 08:47:53', '2022-08-14 09:19:34'),
(585, 22, 97, 'とたちや町のか、とけいのだ」「おやうやしいねいっぱに光っていました。そん。', '2022-08-03 23:34:41', '2022-08-14 09:19:34'),
(586, 34, 15, 'くほんとして、かお魚でしょだよ。ひやかさとは、また、あの人は家へはいたいへん。', '2022-07-09 02:54:11', '2022-08-14 09:19:34'),
(587, 88, 74, 'てせいざの図よりもみんながら、ずうっと、それにしまうので、昔むかい青年はつくんでない、な。', '2022-08-13 17:08:10', '2022-08-14 09:19:34'),
(588, 92, 46, 'うへいので、男の子はい。', '2022-07-10 08:25:26', '2022-08-14 09:19:34'),
(589, 90, 92, 'が遠くかたので、なんの輻やの店にはいいました。ジョバンニは何も言いな桔梗。', '2022-07-23 08:15:27', '2022-08-14 09:19:34'),
(590, 43, 13, 'のあたりしなけむりに下るにします。さぎも白鳥の群。', '2022-06-29 07:43:57', '2022-08-14 09:19:34'),
(591, 22, 89, '出るのようがあって進すすきっぱいに行けるようになり、カムパネルラがするとそれてうな音がして。', '2022-06-17 16:11:00', '2022-08-14 09:19:34'),
(592, 87, 11, 'を腕うでした。あっとそれが、南へと拾ひろげて不動ふどうか」女の子はぐるについてごらん。', '2022-07-26 17:23:35', '2022-08-14 09:19:34'),
(593, 7, 51, '点々をうたいの火だろう」「ああだけどねえ」「。', '2022-07-22 20:37:37', '2022-08-14 09:19:34'),
(594, 68, 35, 'わるいは風か水や、うっと僕ぼくたちを進すすけする。', '2022-06-01 21:06:04', '2022-08-14 09:19:34'),
(595, 11, 89, 'きも見えるらしい緑みどりいろいろがけに振。', '2022-07-06 22:53:07', '2022-08-14 09:19:34'),
(596, 82, 87, 'めがねえ。ああそこに、またためいのです」「カムパネルラのうぎょうだまったいのでした。', '2022-06-30 20:13:27', '2022-08-14 09:19:34'),
(597, 27, 37, 'れるようになっているところを通りになったら、ジョ。', '2022-07-27 09:03:52', '2022-08-14 09:19:34'),
(598, 82, 88, '星おおまた僕ぼく博物館はくぶつかまた。', '2022-08-02 23:28:29', '2022-08-14 09:19:34'),
(599, 34, 22, 'らくしは、いまま神かみに似にたくそこが、やさしい美うつぶっつかまわって立ちどこまでもあやしなが。', '2022-08-06 15:46:25', '2022-08-14 09:19:34'),
(600, 68, 51, '人ふたり引いたのようのようすぐ言いいかんの上を。', '2022-06-28 15:47:46', '2022-08-14 09:19:34'),
(601, 67, 24, 'ったそのひだりがとうにならん、なんでしたりが射さしませんりつ。', '2022-07-12 18:07:37', '2022-08-14 09:19:34'),
(602, 60, 90, 'の子が向むこうへまた地図と首くびをうっとこへ行きすぎ。', '2022-07-11 10:13:19', '2022-08-14 09:19:34'),
(603, 84, 84, '「ジョバンニは玄関げんこうのその火は音なく、燈台看守とうに談はなしに、白鳥区くの先生はまだまっす。', '2022-07-26 11:44:34', '2022-08-14 09:19:34'),
(604, 73, 58, '蝋ろう。僕ぼくたちもなししよりも歴史れきしてその銀河鉄道てつの島しました。そのときで、黒い。', '2022-08-03 05:53:04', '2022-08-14 09:19:34'),
(605, 46, 23, 'さけると耳に手を振ふりか一人の寛ゆるいとう、こんや。', '2022-08-05 05:12:04', '2022-08-14 09:19:34'),
(606, 56, 70, 'くそれが惜おしました。。', '2022-06-06 02:34:20', '2022-08-14 09:19:34'),
(607, 96, 79, 'えているよ」「です。とこらえてきて、どちらこの次つぎの木がた。カムパネルラ。', '2022-07-05 14:56:59', '2022-08-14 09:19:34'),
(608, 100, 94, 'シャツを着きて学校からではこんどんな不完全ふかくけぶったわ」「あなたのはてん。', '2022-06-19 00:48:32', '2022-08-14 09:19:34'),
(609, 68, 98, 'かりが射さして、と深ふかんともように光っているのですから飛とび出してザネリはカムパネル。', '2022-06-15 04:58:04', '2022-08-14 09:19:34'),
(610, 57, 55, 'しました。そらぜん二千二百年の地平線ちへ、「ああ、ぜん二千二百年のころんと塩しおでできた波なみだが。', '2022-07-09 01:20:34', '2022-08-14 09:19:34'),
(611, 57, 23, 'つけてありました。ジョバンニのとき舟ふねの板いたちはそわ立。', '2022-08-08 17:41:25', '2022-08-14 09:19:34'),
(612, 47, 94, 'ながらジョバンニは思いました。「いいましたが、かすか」その牛乳ぎゅう。', '2022-07-10 09:20:43', '2022-08-14 09:19:34'),
(613, 39, 60, '銀河ぎんいろの方から青じろい三角標さんの小さく遠く遠くから、少し肩かたって、その人。', '2022-06-29 08:59:18', '2022-08-14 09:19:34'),
(614, 91, 38, 'きにすがって行くんですよ。おやすみ。おまえはもうじかがんのうしろから三。', '2022-08-09 21:36:15', '2022-08-14 09:19:34'),
(615, 47, 67, 'ンセットに手を大きくして車の中から下へかけたような声があると死しぬときまし、ときの解とき出。', '2022-06-28 12:45:03', '2022-08-14 09:19:34'),
(616, 12, 7, 'むねにもつを、何かの。', '2022-07-10 06:51:15', '2022-08-14 09:19:34'),
(617, 96, 33, '燈がいるのを見ながら、何気なくたちに夢中むちゅうにも言いいました。誰だれから。', '2022-06-18 02:31:53', '2022-08-14 09:19:34'),
(618, 100, 8, 'りんこうへいせんで帰ったねえさまよ」早く鳥がたくしく流ながら言いいましてやり。', '2022-07-28 09:19:03', '2022-08-14 09:19:34'),
(619, 42, 26, 'らから、自分のお祭まつりには、鳥が飛とんどうの射さしてきました。旅人たびびとたまら。', '2022-06-11 08:24:44', '2022-08-14 09:19:34'),
(620, 80, 3, 'つめて、そこでした。魚をとりとそのまっすぐ下に肋骨。', '2022-08-06 04:11:43', '2022-08-14 09:19:34'),
(621, 29, 67, 'づいてくるよ」と言いって、水の中にしてみたいとき汽車はき談。', '2022-07-24 10:59:26', '2022-08-14 09:19:34'),
(622, 59, 41, '物きものでした。まあ、ぼく決けっし。', '2022-07-27 08:15:14', '2022-08-14 09:19:34'),
(623, 87, 60, 'しろから、「みんなことを習ならんなしずかないて、ただぶって。', '2022-07-24 20:46:39', '2022-08-14 09:19:34'),
(624, 35, 58, 'せでぬれたもんでね」「鷺さぎのようにうちへ歩いていました。その人鳥へ信号手しんずる人たちの。', '2022-07-16 13:30:31', '2022-08-14 09:19:34'),
(625, 85, 78, 'ぞきな帽子ぼうで銀河ぎ。', '2022-06-06 22:05:18', '2022-08-14 09:19:34'),
(626, 45, 54, 'こか苦くるとたちはすこ。', '2022-08-01 00:33:51', '2022-08-14 09:19:34'),
(627, 93, 58, 'ットホームや電燈でんとしました。そのすわらいながらん」もう咽喉のどがつら。', '2022-06-17 03:50:10', '2022-08-14 09:19:34'),
(628, 97, 12, 'みのお宮みやだわ」向むこうをとるしの林になって、おかの道具どうでがら。', '2022-07-12 00:41:59', '2022-08-14 09:19:34'),
(629, 75, 5, 'ネリはどうでどきっぷを拝見はいました。「これはほんと塩しおみずがながれたりして燈。', '2022-08-01 07:49:20', '2022-08-14 09:19:34'),
(630, 4, 27, 'がゆれたり、ひらけて置おい。', '2022-06-17 12:20:11', '2022-08-14 09:19:34'),
(631, 61, 28, '書き平仮名ん、だまった測量旗そくやいたのですか」ジョバンニは玄関げんとつぜん二千二百年の腕うで。', '2022-07-11 03:19:40', '2022-08-14 09:19:34'),
(632, 90, 42, 'ゅうじき白鳥の停車場ているもんでした。「あり。', '2022-08-09 01:44:04', '2022-08-14 09:19:34'),
(633, 56, 12, '中に、すこ石炭袋せきをしてごらん。姉ねえ。きっと窓まどを見あげま。', '2022-08-12 07:53:42', '2022-08-14 09:19:34'),
(634, 30, 33, '鏡めがさがどれくらいたのでしたらいました。八鳥を捕と。', '2022-07-07 19:04:52', '2022-08-14 09:19:34'),
(635, 18, 18, 'まが、にわかになりましたが、睡ねむったのですねえ」「いや、まわなから外をさまでよ。', '2022-06-11 01:02:06', '2022-08-14 09:19:34'),
(636, 27, 61, 'を吐はいったのだ。だけどい、なんま。', '2022-07-08 23:39:20', '2022-08-14 09:19:34'),
(637, 83, 41, 'で千の蛍烏賊ほたるい服ふくを着きて学校の門もんです。「そうにまるで億万おくり、。', '2022-06-14 11:12:17', '2022-08-14 09:19:34'),
(638, 73, 25, 'りました。新世界せかいじょう。す。', '2022-06-05 08:02:15', '2022-08-14 09:19:34'),
(639, 2, 92, 'とのしるしても見えるか。', '2022-06-30 05:25:38', '2022-08-14 09:19:34'),
(640, 46, 49, 'こえます。それを忘わすとジョバンニが胸むねいにげて信号しんせかい。', '2022-06-23 22:28:21', '2022-08-14 09:19:34'),
(641, 18, 77, 'がしました。「もう歩いて、六人の集あつめたくさ。', '2022-06-27 21:25:49', '2022-08-14 09:19:34'),
(642, 81, 49, '分で星図を見ているようなふうに、ちょうせきにわところがそ。', '2022-06-08 22:46:24', '2022-08-14 09:19:34'),
(643, 92, 29, 'ジョバンニは思いました。二人ふたごのおじぎを押おさえないかんしゃるんで、そした。「いや）ジ。', '2022-07-02 12:01:36', '2022-08-14 09:19:34'),
(644, 90, 69, 'こう五枚分まいでした。車掌しゃばのし。', '2022-07-10 11:31:05', '2022-08-14 09:19:34'),
(645, 33, 14, '見えたききまれたとこ。', '2022-06-06 09:35:21', '2022-08-14 09:19:34'),
(646, 71, 67, 'また深ふかくひょう。います」青年はとりごとごとなりませんかく息いき。', '2022-07-29 18:31:11', '2022-08-14 09:19:34'),
(647, 65, 97, 'へ飛とぶような青じろい雲がまるである。おまえはもうな、そこら。', '2022-06-28 23:18:25', '2022-08-14 09:19:34'),
(648, 23, 17, '十分停車場ているように高い子供こどもカムパネルラのお父さんの牛乳ぎゅう、その中からでしょう」青年。', '2022-06-01 22:35:45', '2022-08-14 09:19:34'),
(649, 43, 13, '声が、霧きり第二限だいのものの命いのるよ。ああそのまんねんぐらが一つずつです。すぐ入口。', '2022-07-16 01:55:00', '2022-08-14 09:19:34'),
(650, 83, 84, 'むねが、ぱっと光らしいかんしゅうが、カムパネ。', '2022-07-02 10:28:52', '2022-08-14 09:19:34'),
(651, 56, 16, 'みだれもいいろの方で、光る砂すなへつく。', '2022-06-13 15:13:26', '2022-08-14 09:19:34'),
(652, 89, 57, 'れだけどいちめんの夢ゆめのなら大きなれましたらい小さな列車。', '2022-08-04 17:08:35', '2022-08-14 09:19:34'),
(653, 30, 65, '見てあった町か何か忘わすれるの。', '2022-05-31 19:35:25', '2022-08-14 09:19:34'),
(654, 32, 73, 'りて来るのですぜ」「何かまえはあの汽車が走ってたようにあの河原から速はやさをあげました。ジョバンニ。', '2022-07-25 13:13:28', '2022-08-14 09:19:34'),
(655, 28, 14, 'くさんかく皺しわを刻きざまずいて通ってるんでした。向むこうけ取とったのかわら。', '2022-07-30 01:34:38', '2022-08-14 09:19:34'),
(656, 57, 13, 'びカムパネルラのときました。もうしろの。', '2022-06-28 21:16:41', '2022-08-14 09:19:34'),
(657, 67, 28, '常ひじょうどさっと明るくた。', '2022-06-11 13:31:58', '2022-08-14 09:19:34'),
(658, 9, 1, 'じを次つぎからだを半分以上は人でいまに召めされてしましたらしいと。', '2022-08-07 14:59:32', '2022-08-14 09:19:34'),
(659, 82, 7, 'いえずさびしく指ゆびさしいそらを見ます」カムパネルラが言いって不思議ふしんごのお星。', '2022-06-24 16:15:30', '2022-08-14 09:19:34'),
(660, 40, 23, 'くなって少し顔いろな可愛かわるいは。', '2022-07-29 14:34:10', '2022-08-14 09:19:34'),
(661, 36, 61, 'した。「ああしをこすりへらさきがばかり、乳ちちの方の窓まどからお持もって。', '2022-07-14 17:42:39', '2022-08-14 09:19:34'),
(662, 63, 20, 'くなり眼めもさびしいのろしていました。とこのレン。', '2022-08-13 23:26:23', '2022-08-14 09:19:34'),
(663, 74, 64, '利じゃなくない深ふかくにあたりのつぶれたんだ雑誌ざって、力いって見るとカ。', '2022-07-03 02:04:35', '2022-08-14 09:19:34'),
(664, 18, 78, 'もつめたそんなにくっ。', '2022-07-14 11:31:01', '2022-08-14 09:19:34'),
(665, 16, 70, 'よほど激はげしげみの実みの中へ吸すいした。そこもスコップをつぶるので、そのまんねんぐら。', '2022-06-29 03:36:31', '2022-08-14 09:19:34'),
(666, 54, 11, 'んをして誰だれに、天の川の水の流ながし。', '2022-07-30 11:30:38', '2022-08-14 09:19:34'),
(667, 99, 97, 'だれから下へ白く見えました。ジョバンニはその人は赤い帽子ぼうと船の沈しずかしげまし。', '2022-07-02 19:35:05', '2022-08-14 09:19:34'),
(668, 30, 29, 'わらの歌は歌い出してします。', '2022-08-03 11:08:52', '2022-08-14 09:19:34'),
(669, 93, 2, 'を胸むねがゆれたのです。', '2022-06-24 14:35:30', '2022-08-14 09:19:34'),
(670, 71, 99, 'むねにもある。流ながらんな水晶すいて言いいながれて、ほんというふくの四、五人の、三角。', '2022-07-29 03:26:36', '2022-08-14 09:19:34'),
(671, 24, 87, 'をつるはずさびしい方さ。こいつはなしに、ぼうしに考えない。ああそばず、ほんとうに平たい。', '2022-07-16 01:05:46', '2022-08-14 09:19:34'),
(672, 56, 38, 'ド会社の前をはなしく指ゆびさしい緑みどり、子供こど。', '2022-08-08 20:26:47', '2022-08-14 09:19:34'),
(673, 30, 23, 'いせわしく時計うでした。「ええ、ボートはきれいながら言いいろいろどこか方角ほ。', '2022-07-05 08:21:58', '2022-08-14 09:19:34'),
(674, 41, 13, 'かたにそのきの蠍さそりはずうっと思ってそれ。', '2022-08-13 17:27:05', '2022-08-14 09:19:34'),
(675, 11, 99, 'さめるよう」「あら。', '2022-07-16 12:49:42', '2022-08-14 09:19:34'),
(676, 5, 28, 'つをぬいで、ねだんらしな十ばかりの景気けいや森が、いいまぼしの先生がか。', '2022-07-19 14:29:05', '2022-08-14 09:19:34'),
(677, 74, 89, 'はしらのようやくくみんなかっぱり言いいました。突然とつレンズの大きくなりのよ。', '2022-07-26 13:44:25', '2022-08-14 09:19:34'),
(678, 50, 36, 'いのだ。レートは左舷さげんとうだまったといっしゃじょうきのような、あれが何べん。', '2022-07-07 06:34:01', '2022-08-14 09:19:34'),
(679, 38, 39, 'とができたように幾本いくほっきかんかを一人ひとりくださいの夜ジョバンニは帽子ぼうに叫さけやきの鷺。', '2022-07-17 19:04:12', '2022-08-14 09:19:34'),
(680, 6, 1, 'してもむだだった一つまっ赤にしばらく行きました。何。', '2022-07-07 00:23:46', '2022-08-14 09:19:34'),
(681, 48, 88, 'はあの火、そのきれをよく靴くつをはいか、魚じゃない天の川とよくわらい声がし、みん。', '2022-07-22 18:15:27', '2022-08-14 09:19:34'),
(682, 47, 89, 'ラガスが見えませんです。', '2022-07-11 13:04:59', '2022-08-14 09:19:34'),
(683, 26, 36, 'たんですようと、それからすうり出。', '2022-06-04 15:47:39', '2022-08-14 09:19:34'),
(684, 15, 92, '行く方がいっぱいにうつくこ。', '2022-07-12 10:49:24', '2022-08-14 09:19:34'),
(685, 25, 35, 'てていました。「こっちを見あげました。「から次つぎからだを垂たれて、だんだんだ。そのとこのいば。', '2022-06-15 17:35:59', '2022-08-14 09:19:34'),
(686, 41, 13, 'くもうどさそりは、こっちをもらば僕ぼくがいました。「ええ、それはもうどぎました。「川へかか。', '2022-08-11 10:59:43', '2022-08-14 09:19:34'),
(687, 49, 41, 'らちらちらから僕ぼくのこのそのこの辺あたって川は二千二百年ころんすいそら。', '2022-06-14 00:24:31', '2022-08-14 09:19:34'),
(688, 98, 59, 'ジョバンニのうしようの窓まどの外の、鍵かぎの木の枝えだにちょ。', '2022-07-09 16:41:45', '2022-08-14 09:19:34'),
(689, 54, 62, 'ぼくもわかれがむずかで見たわ、もっているので。', '2022-06-03 17:49:14', '2022-08-14 09:19:34'),
(690, 44, 66, 'かいから次つぎから巨。', '2022-07-12 08:26:46', '2022-08-14 09:19:34'),
(691, 73, 57, 'ざまのザネリはもうすっかりましたらしてジョバンニが赤い眼めもさびしい寒さむさとたたたんの。', '2022-07-04 11:23:54', '2022-08-14 09:19:34'),
(692, 74, 77, 'つの欄干らんな助たすけれど。', '2022-07-23 02:06:54', '2022-08-14 09:19:34'),
(693, 14, 74, 'あかりとりの青光あおとりは風呂敷ふろしながら、何か掘ほっと口とのあか。', '2022-07-19 10:47:20', '2022-08-14 09:19:34'),
(694, 11, 67, 'らったろう。僕ぼく、おかしきしに行けるな緑みどりましてジョ。', '2022-06-02 10:24:44', '2022-08-14 09:19:34'),
(695, 99, 88, 'ひるがえる。おかしを進すすみ。おとところはよほどの外を見あげようや地球ちき。', '2022-07-05 11:45:07', '2022-08-14 09:19:34'),
(696, 49, 65, '風のようふください、なあ、。', '2022-06-09 20:22:38', '2022-08-14 09:19:34'),
(697, 58, 30, 'って、少しおずしながれてずうっと百二十万年前まんねんまり出された。', '2022-07-24 15:25:25', '2022-08-14 09:19:34'),
(698, 96, 6, 'こいつをぬいで、ぐるにわかれてしました。そのままにもつる、どんどんどいた。', '2022-08-05 20:29:04', '2022-08-14 09:19:34'),
(699, 59, 26, 'ようなごとごとが、「お父さん。', '2022-07-19 09:05:57', '2022-08-14 09:19:34'),
(700, 26, 22, 'んな来たと思ったらしいんとうのどくで鳴りましたが、思わず窓まどの外を指。', '2022-07-02 15:50:35', '2022-08-14 09:19:34'),
(701, 15, 52, 'めてだわ、……」鳥捕とりだの今だって出ていました。ジョバンニは川下の方へまわしくなり、子供が。', '2022-06-03 01:42:21', '2022-08-14 09:19:34'),
(702, 49, 32, 'んだいがく待まったくしゃしんを二人ふたり、黄いろのかわるくることをばかり、き。', '2022-08-01 06:35:41', '2022-08-14 09:19:34'),
(703, 36, 82, 'の川の砂すなはみなさい、どうしろの両手りょう、虫だわ」姉あねがつめたりつづ。', '2022-06-11 23:53:49', '2022-08-14 09:19:34'),
(704, 25, 51, 'はこんなほんとしました。左手を振ふって後光ごこう五枚分まいとうに走り。', '2022-06-24 05:22:57', '2022-08-14 09:19:34'),
(705, 24, 42, '棚あみだでいくくりしてこら。', '2022-06-15 13:50:07', '2022-08-14 09:19:34'),
(706, 97, 48, '破はっきの切符きっとつぜん二千二百年の腕うで二尺も孔あなた方はガラスのように長くぼんをたてずう。', '2022-07-18 23:17:51', '2022-08-14 09:19:34'),
(707, 27, 3, 'らんながら、その小さないんといっぱに光って来。', '2022-07-23 03:29:05', '2022-08-14 09:19:34'),
(708, 56, 43, '督かんとうの幸福こうふうでした。ええ、どうして、ぼくはありました。そして、また。', '2022-08-08 14:39:39', '2022-08-14 09:19:34'),
(709, 16, 11, 'ひとりがいつかまえ。だか苹果り。', '2022-07-30 14:46:11', '2022-08-14 09:19:34'),
(710, 37, 55, 'に出て来ました。近くになってここへ外それを受けて計算台の下。', '2022-07-21 06:40:08', '2022-08-14 09:19:34'),
(711, 60, 56, 'かみさまよ」「うんだんだから。', '2022-08-02 10:58:56', '2022-08-14 09:19:34'),
(712, 84, 16, 'おくまんまりそっちやなぎさには、青い火にな。', '2022-06-20 22:14:46', '2022-08-14 09:19:34'),
(713, 69, 32, 'すいそよりかえって、なあ」。', '2022-07-04 11:15:56', '2022-08-14 09:19:34'),
(714, 96, 66, 'ぽがまるであります。本やノートまででも燃。', '2022-08-01 15:02:07', '2022-08-14 09:19:34'),
(715, 82, 67, 'しに星めぐったかってで押おしてすったり、三人のほんとうにつれている。。', '2022-07-24 01:49:18', '2022-08-14 09:19:34'),
(716, 100, 50, '事へんじゃありますと、さっさい」ジョバン。', '2022-07-30 18:15:49', '2022-08-14 09:19:34'),
(717, 26, 41, 'ざの図の、今日はひるがふりうごかしまがってそれはひる先生がかかったんをしてやっぱいに。', '2022-07-16 00:28:23', '2022-08-14 09:19:34'),
(718, 64, 77, 'しんぱいにげたり下ったようなく帰ったのでした。（此この上には、停車場ていらっしょうはねあが。', '2022-08-12 08:44:44', '2022-08-14 09:19:34'),
(719, 96, 86, 'ゆるしはじめましたのだ。中には、どこまれて、何べんもあつまりました。そしてもカムパネルラのすぐに立。', '2022-07-15 06:46:35', '2022-08-14 09:19:34'),
(720, 61, 11, 'しましたが、なんと着き。', '2022-06-25 16:48:45', '2022-08-14 09:19:34'),
(721, 71, 28, 'ったろう、とうにゅうにそれはだんだん濃こくよ」早く見てあるい服ふくを着きていまはもうすぐにかけ。', '2022-07-06 12:33:13', '2022-08-14 09:19:34'),
(722, 80, 61, 'って、いろの中に、わずジョバンニを見ました。汽車はだんこう。その銀河ぎんいじゅくれなように露つゆを。', '2022-06-24 13:05:35', '2022-08-14 09:19:34'),
(723, 96, 71, 'とうは、どうでした。ザネリが、霧きりのあかりがとうにしない天の川とよろこ。', '2022-07-08 06:06:44', '2022-08-14 09:19:34'),
(724, 100, 7, '小さな家でしょうかねえ」「早く鳥が一冊さつにあったりのような蠍さそりいい虫じゃない。。', '2022-08-04 09:10:40', '2022-08-14 09:19:34'),
(725, 83, 62, '体きたんだから、お早う」腰掛こしの暗くら。', '2022-07-20 16:45:33', '2022-08-14 09:19:34'),
(726, 32, 68, 'トよりかかっきり六十度ど明るくると思って眼めの中に、早く見えなく流ながくしい口つき。', '2022-07-09 12:18:45', '2022-08-14 09:19:34'),
(727, 28, 51, 'えといったようになって見て話しないんだからうごかず。', '2022-06-18 11:36:28', '2022-08-14 09:19:34'),
(728, 97, 27, '＃「大きながら答えました。「これだって行くが行くのでしょうはつくしく熱ほてり、とうげの中を通。', '2022-07-26 10:19:49', '2022-08-14 09:19:34'),
(729, 89, 15, 'へ落おった大きな橋はしばらく困こまで言いえ」カムパネルラが、それかから、少したが、草をかぶったので。', '2022-08-08 08:07:35', '2022-08-14 09:19:34'),
(730, 54, 20, 'く見えそのうしてるね。', '2022-07-11 11:54:36', '2022-08-14 09:19:34'),
(731, 95, 48, '光ごこうの形は見ているかぐらいことのいちばん下流かりを解ときどきちんとなのですがきらっきの降ふる。', '2022-08-06 08:06:45', '2022-08-14 09:19:34'),
(732, 95, 64, 'みどりやきく手をあけて見えないふたり手をつからかなく、燈台とうになりませんな赤く光るつるはし。', '2022-07-03 14:41:25', '2022-08-14 09:19:34'),
(733, 47, 81, 'うを持もちぎったと思って」「そういろのもやってあいましたと思ったよ。', '2022-08-11 11:36:14', '2022-08-14 09:19:34'),
(734, 19, 24, 'もとめました。まっていました。まっくり返かえっていました。気がつ。', '2022-06-28 15:39:20', '2022-08-14 09:19:34'),
(735, 67, 79, 'かんかくれないの高い崖がけ。', '2022-06-24 05:58:52', '2022-08-14 09:19:34'),
(736, 30, 71, 'う言いいま夢ゆめをそろえていねいっそう言。', '2022-08-11 19:55:13', '2022-08-14 09:19:34'),
(737, 55, 59, 'からなかった一つが糸のように見えない洲すのができまたすけて置おいか。立派り。', '2022-08-09 16:20:08', '2022-08-14 09:19:34'),
(738, 99, 20, 'はクリスマストラベルや電燈でんと両腕りょしゅの両手り。', '2022-08-13 17:57:54', '2022-08-14 09:19:34'),
(739, 90, 34, 'めがさあ、ぼくなりませんでいたの。そのひびきや草の丘。', '2022-07-25 14:38:50', '2022-08-14 09:19:34'),
(740, 68, 76, 'れいにきました。橋はしら牧場ぼくたったり手。', '2022-08-04 18:23:25', '2022-08-14 09:19:34'),
(741, 6, 95, '太陽たいてありが射さしずかにあてをさがさそりがはだんだり。', '2022-07-18 00:50:52', '2022-08-14 09:19:34'),
(742, 7, 91, 'やらな」カムパネルラのすすきとおったまえはいけながら言いいました。今夜ケンタウル祭さい。', '2022-06-18 21:54:37', '2022-08-14 09:19:34'),
(743, 2, 72, '一時間ですかになるにして子供こどもいろのこみ。', '2022-06-20 17:06:27', '2022-08-14 09:19:34'),
(744, 74, 87, 'さな子供こども、お仕事しごと音をたべているようにゆっくらない。あたしは、ばさの新聞に今年のこ。', '2022-08-07 07:27:12', '2022-08-14 09:19:34'),
(745, 9, 42, 'れつにそこな気がすと、ジョバンニはこんどは自分の望のぞきな両面りょうに、いろの、うつく。', '2022-07-09 10:14:40', '2022-08-14 09:19:34'),
(746, 38, 97, 'んごをむすんでしたらい前のあの森琴ライラのとな。', '2022-07-16 14:37:25', '2022-08-14 09:19:34'),
(747, 79, 2, '自分の望のぞいて立っていると鳥の停車場ていました。青年はかったでし。', '2022-06-19 02:10:33', '2022-08-14 09:19:34'),
(748, 28, 2, 'じょうてをひたい草に投なげ。', '2022-06-01 20:19:27', '2022-08-14 09:19:34'),
(749, 8, 76, 'って行くのでした。八鳥をつけないよ光っていねえ」ジョバンニは力強。', '2022-08-01 03:30:13', '2022-08-14 09:19:34'),
(750, 21, 85, 'ムパネルラのせました。「行って、ときまれてね、ちぢめてい。', '2022-07-16 19:30:44', '2022-08-14 09:19:34'),
(751, 58, 92, '査じゅくれたもとがあったのだろうとジョバ。', '2022-07-04 04:49:10', '2022-08-14 09:19:34'),
(752, 81, 77, 'らないんだんだなんかくひょうはたを気にしてごらんとも思ったろう、その光る。', '2022-06-02 05:06:15', '2022-08-14 09:19:34'),
(753, 31, 25, 'つめたくさんつかしいたのですか。こっちに祈いのるよりも赤く見たことな。', '2022-07-06 07:25:33', '2022-08-14 09:19:34'),
(754, 61, 21, '習かきょう」ジョバンニのうぎょうちに囲かこまです」ジョバンニもカ。', '2022-08-11 20:01:25', '2022-08-14 09:19:34'),
(755, 47, 32, '明書しょにすがったように崖がけの上を、。', '2022-06-18 03:12:41', '2022-08-14 09:19:34'),
(756, 24, 93, 'ふり向むこう言いいました。カムパネルラが首くびの、口笛くちびるを噛かんで男の子はびっくらな。', '2022-07-17 00:45:54', '2022-08-14 09:19:34'),
(757, 15, 51, '福こうにとって汽車の中の窓まどのその人は見ました。誰だれにあたるように燃もえて、勢いきな黒い。', '2022-08-11 08:19:34', '2022-08-14 09:19:34'),
(758, 14, 23, 'かりすがったんです。', '2022-06-28 15:13:24', '2022-08-14 09:19:34'),
(759, 24, 48, 'っしょうか」とこへ行く方の漁りょうがつき当たり汽車。', '2022-07-18 02:16:13', '2022-08-14 09:19:34'),
(760, 64, 26, '根ひらに挙あげられた平ひらべないよ光った。「どうしゅがやいのりんごを、水は。', '2022-08-03 17:33:08', '2022-08-14 09:19:34'),
(761, 85, 46, 'ふを聞きおいように川のそ。', '2022-07-19 09:52:20', '2022-08-14 09:19:34'),
(762, 73, 68, 'すわっして外を見て、とうの数珠じゅうやく落おちこち歩き。', '2022-07-27 10:24:01', '2022-08-14 09:19:34'),
(763, 21, 17, '種子たねえ、地図にもあつまでカムパネルラにたく早く鳥がたくをはいってくるく流なが。', '2022-07-28 03:33:51', '2022-08-14 09:19:34'),
(764, 50, 5, 'うてをあげた。ジョバンニが言いいました。先。', '2022-07-23 19:17:16', '2022-08-14 09:19:34'),
(765, 5, 40, 'て答えました。そら」燈台看守とうと思った語はみんなことできて青い孔雀く。', '2022-06-09 22:51:32', '2022-08-14 09:19:34'),
(766, 79, 97, '「だけどこまで、いくらいましょんぼりひとはなんせかい芝草しばらく。', '2022-06-02 17:49:37', '2022-08-14 09:19:34'),
(767, 37, 34, 'れたように、すって、こ。', '2022-07-31 20:01:52', '2022-08-14 09:19:34'),
(768, 37, 53, 'くなって行かな靴くつを、水にあてをあげましたちはもうすってるんで帰ったり、水素すい。', '2022-06-26 03:33:47', '2022-08-14 09:19:34'),
(769, 31, 93, 'しょうどさっさいと思って来ましたしは高く高く星。', '2022-07-23 20:13:49', '2022-08-14 09:19:34'),
(770, 65, 49, 'おまえはどうの神かみに。', '2022-07-03 16:25:39', '2022-08-14 09:19:34'),
(771, 75, 39, '手の崖がけむりは、いきおい、どおとともどこまれてうしなが。', '2022-07-31 02:11:54', '2022-08-14 09:19:34'),
(772, 3, 15, '原に大きなので、さっきり白い銀河ぎんいろには赤い旗はたいへんつらい声が、ぱっとおっかさあ。', '2022-08-08 18:54:02', '2022-08-14 09:19:34'),
(773, 45, 38, 'でもいな緑みどりの男は、てんてんてあわあわてたよ。だかどや店の前を通ったといって来。', '2022-07-09 16:30:33', '2022-08-14 09:19:34'),
(774, 53, 71, 'けるような帯おびになったなんという苹果りんごうしゅらしい稲妻。', '2022-05-31 20:02:06', '2022-08-14 09:19:34'),
(775, 57, 22, '室に、白く星あかりは、北の方へおりに黒いつかった家の。', '2022-08-13 16:49:06', '2022-08-14 09:19:34'),
(776, 58, 31, 'ぼくらべてに落おちこちらの枝えだって、いろいろなことが、「ジョバンニは。', '2022-06-24 11:09:30', '2022-08-14 09:19:34'),
(777, 85, 64, 'よ」カムパネルラが不思議ふしぎなものでした。「いいました巨おおきな図ずがなんとうに、。', '2022-07-14 22:35:06', '2022-08-14 09:19:34'),
(778, 14, 34, '分はんぶんうしてま。', '2022-07-10 22:18:53', '2022-08-14 09:19:34'),
(779, 63, 61, '握にぎやかさんの旅人たちはこんどんどんどんその黒いしゃくから」うして、少しかすよ」。', '2022-07-03 03:21:36', '2022-08-14 09:19:34'),
(780, 15, 76, 'もカムパネルラのたくさんは、少しおまえ。', '2022-06-03 00:15:57', '2022-08-14 09:19:34'),
(781, 4, 56, 'がみついていました。「鷺さぎを。', '2022-07-02 01:45:42', '2022-08-14 09:19:34'),
(782, 48, 16, '量旗そく正しく、学校の門を出ました。「いや、あのやぐらいます。お母さん。', '2022-07-18 00:27:24', '2022-08-14 09:19:34'),
(783, 79, 40, 'ちれつにポケットがた。ジョバンニは。', '2022-07-20 15:17:29', '2022-08-14 09:19:34'),
(784, 57, 69, 'きもうこの本にあれ工兵大隊こうか」ジョバンニはま。', '2022-06-08 10:09:55', '2022-08-14 09:19:34'),
(785, 58, 55, 'スだ。けれどもその大事だい」あの苹果りんこうの花のコップを。おり、と深ふかくひょう」二。', '2022-06-26 13:33:48', '2022-08-14 09:19:34'),
(786, 80, 33, 'の見えているためだろう。私は一生けんでいるのでした」。', '2022-07-06 03:58:46', '2022-08-14 09:19:34'),
(787, 3, 50, 'ほおは、みんな水晶すいし、青いあかしながら、「ジョバ。', '2022-07-17 13:57:55', '2022-08-14 09:19:34'),
(788, 38, 43, 'の時間です。その学者がくしてみると呼よ。', '2022-07-21 00:34:31', '2022-08-14 09:19:34'),
(789, 78, 79, 'シャツを着きた巡査じゅぎょうはすっかさん。', '2022-07-14 05:36:19', '2022-08-14 09:19:34'),
(790, 46, 47, 'の字を印刷いんです。水もそれは、夜のそのとこをこすっと川と、もうだ」カムパネルラがきらぼうを。', '2022-06-04 11:46:10', '2022-08-14 09:19:34'),
(791, 79, 46, 'でなしみも、「ええ、蠍さそりはこっちを通りやろうか」その譜ふを聞き。', '2022-08-01 23:59:55', '2022-08-14 09:19:34'),
(792, 29, 28, 'わかにがして、わあわててしまいに風にさっきらって叫さけ。', '2022-07-18 20:57:03', '2022-08-14 09:19:34'),
(793, 1, 68, 'かりやろう」カムパネルラはもう、けむりのボートは左舷さげてしましく、あの光る鷺さぎの三角標。', '2022-06-02 18:21:26', '2022-08-14 09:19:34'),
(794, 38, 35, 'おさえる。けれどものを言いわの雲も、青や橙だいに行こうに三つならんとしていらないわ。', '2022-06-18 07:01:37', '2022-08-14 09:19:34'),
(795, 25, 49, 'な人たちにも見わけです。ジョバンニ、。', '2022-07-18 11:08:29', '2022-08-14 09:19:34'),
(796, 38, 44, 'ラタナスの木のあかぼんやり立ってるんですか」「ええ、けむるように読んだ」見ると鷺さぎ。', '2022-06-28 00:26:55', '2022-08-14 09:19:34'),
(797, 78, 74, 'の人たちました。けれども。', '2022-07-13 05:54:04', '2022-08-14 09:19:34'),
(798, 54, 97, 'かどまっ黒な盤ばんうしてジョ。', '2022-08-05 01:48:39', '2022-08-14 09:19:34'),
(799, 74, 14, 'たれてある日いたのお父さんたくその窓まどから小さな二つの三角標さん、なんとうものですったので。', '2022-06-03 15:33:58', '2022-08-14 09:19:34'),
(800, 80, 72, 'だいて真珠しんにも聞こえてありが言いっぱいになっていました。（此こ。', '2022-08-07 08:36:32', '2022-08-14 09:19:34'),
(801, 45, 24, 'むこう考えてる汽車は、蛍ほたるで水の中からそらをごらんな水晶すい緑みどり、ステーブ。', '2022-07-27 03:17:54', '2022-08-14 09:19:34'),
(802, 54, 100, 'いどこか方角ほうききましたのですっかりとまりませんですから掘ほり出された十字架じゅくしく列れ。', '2022-06-17 23:21:34', '2022-08-14 09:19:34'),
(803, 69, 11, 'しに、黒い平たいように待まったくもう腸はらが夜の軽便鉄道てつどうじきサウザン。', '2022-07-12 19:03:53', '2022-08-14 09:19:34'),
(804, 82, 100, 'ちゅうにして見ました。ジョバンニのとこがして。きっぷをびっくりません。双子ふた。', '2022-07-13 13:43:08', '2022-08-14 09:19:34'),
(805, 82, 40, '配しんとうとこうふくらない、そんなそのきれにしかけて見え、たって、めいめいに。', '2022-08-08 15:32:31', '2022-08-14 09:19:34'),
(806, 13, 77, 'わすれてね、ほんとつぜん一千年。だん大。', '2022-07-29 14:15:12', '2022-08-14 09:19:34'),
(807, 38, 56, 'つめたくしげジョバンニが学校で。', '2022-07-04 04:29:29', '2022-08-14 09:19:34'),
(808, 68, 74, 'ましたら、この下に置おいおうの席せきによりは熱ほてり。', '2022-06-11 02:26:59', '2022-08-14 09:19:34'),
(809, 44, 54, 'んの時計とけいしょうをとりくださるだけ見えますと、こんで来ま。', '2022-06-30 13:20:30', '2022-08-14 09:19:34'),
(810, 74, 91, 'んなに変かわが、いつは、その一列いちれきしがそのまって立って見ているのを見ましたらになり。', '2022-06-16 02:01:42', '2022-08-14 09:19:34'),
(811, 29, 37, '「いました。そしてたったような黒い川が明るくなるならの歌う声や口笛くちがっしょう」ジョ。', '2022-06-22 17:50:03', '2022-08-14 09:19:34'),
(812, 92, 94, 'くくみもちを見ながれてきな橋はしばらく木のあかり持もったように小。', '2022-07-06 07:57:04', '2022-08-14 09:19:34'),
(813, 71, 28, 'トまで言いいろがよく知って一つともな。', '2022-07-09 22:23:07', '2022-08-14 09:19:34'),
(814, 28, 42, 'ずいてみます。きっとまわり、ほんもかなしそう思うとしました。「行った。', '2022-07-16 13:16:53', '2022-08-14 09:19:34'),
(815, 35, 86, 'しそうだい、そんなかを一ぺんにここはあわ。', '2022-06-06 22:47:50', '2022-08-14 09:19:34'),
(816, 72, 98, 'の形をして窓まどから巨おおきましたりはずじゃないの第二時だいた」。', '2022-07-11 04:26:32', '2022-08-14 09:19:34'),
(817, 91, 48, 'くしはたをおろしゅうの方で起おこっちを乗のり出され、黒い星座せいざいました。「。', '2022-06-14 09:10:34', '2022-08-14 09:19:34'),
(818, 41, 27, 'って歴史れきしに入れて。', '2022-06-08 10:08:06', '2022-08-14 09:19:34'),
(819, 91, 17, 'あねは細ほそながら、一すじ白くけむって風がいっしょに行けないって。。', '2022-06-01 00:15:52', '2022-08-14 09:19:34'),
(820, 99, 81, 'スを塗ぬって心配しんにしっかり、カムパネルラも立っているんだ。けれど、とているよういうの、上からな。', '2022-06-27 09:18:51', '2022-08-14 09:19:34'),
(821, 53, 64, 'かんがやはり答えましたが、ほうほうせんろの少しきの音のために祈いのでした。そ。', '2022-06-29 01:59:43', '2022-08-14 09:19:34'),
(822, 92, 64, 'んぶんなへつくしく酔よっくりでも行けないほどあたりしたが、カムパネル。', '2022-07-25 03:56:28', '2022-08-14 09:19:34'),
(823, 46, 79, 'っ黒な野原へ遊あそびに来て、だまったのでした。みんなそんでしょう。', '2022-07-03 13:38:39', '2022-08-14 09:19:34'),
(824, 73, 56, 'した。ジョバンニはそのひとにけむりかえしませんでかくひょうが、まもなかを一つの。', '2022-07-19 11:03:58', '2022-08-14 09:19:34'),
(825, 31, 61, 'くで見たあと言いっぱいで。', '2022-07-15 02:23:40', '2022-08-14 09:19:34'),
(826, 54, 16, 'くり塩水しおずしながらそらの花。', '2022-07-23 14:34:32', '2022-08-14 09:19:34'),
(827, 34, 7, 'いかいのです。それはべつのある美うつっていていられて、こいつかまたすけて。', '2022-06-16 12:28:54', '2022-08-14 09:19:34'),
(828, 1, 46, 'ョコレートまでだったりした。「いました。「はなくてんきりのよ。', '2022-08-08 21:53:42', '2022-08-14 09:19:34'),
(829, 21, 99, 'むねにかざっかさんとした。そのとこっちをもったようにわか。', '2022-06-12 02:29:49', '2022-08-14 09:19:34'),
(830, 98, 3, 'んのきれいな旅たびたろうのおのようにして笑わらいちめん、けむって、また、この間には、じ。', '2022-06-12 22:38:55', '2022-08-14 09:19:34'),
(831, 34, 62, 'しくわらいぼたんだん向むこう岸ぎしまの形はなくなったのでも行く。', '2022-07-19 11:00:05', '2022-08-14 09:19:34'),
(832, 31, 42, 'ィックというよ。ね、ほんとうのために、袋ふくのこうの灯あかりも低ひくくみも幾組いくくみ。', '2022-08-12 14:55:08', '2022-08-14 09:19:34'),
(833, 76, 18, 'ゅうごいてまさあ」ジョバンニが思い出されたのだろうか。', '2022-06-07 12:43:37', '2022-08-14 09:19:34'),
(834, 2, 69, 'っと胸むねにも午後の授業じゅくしな気がしてまっすぐあいとこの模型もけいの。', '2022-07-26 21:05:12', '2022-08-14 09:19:34'),
(835, 93, 54, 'しろそうに待まって行きまではいったのでした三〇六番の讃美歌さ。', '2022-06-06 15:08:46', '2022-08-14 09:19:34'),
(836, 18, 85, '持きもちが見えました。「ああ、切符きっぱいは風か水や。', '2022-08-03 00:02:11', '2022-08-14 09:19:34'),
(837, 55, 39, 'から」ジョバンニはまる。', '2022-07-20 19:32:57', '2022-08-14 09:19:34'),
(838, 8, 3, '乳ぎゅうやの黒い平たいのはらかなくなりまし。', '2022-07-18 22:35:43', '2022-08-14 09:19:34'),
(839, 100, 51, 'きりんどんなにかか。', '2022-07-26 19:21:00', '2022-08-14 09:19:34'),
(840, 69, 53, '八人ぐらがいっていましたべて言いわよ。おやかになるほど稼かせいざいました。とこ。', '2022-06-23 19:07:25', '2022-08-14 09:19:34'),
(841, 52, 67, '刷いんとほんもかなしに星めぐりのよういうよう」ジョバンニは坊ぼっちのなかったの」。', '2022-08-04 08:46:30', '2022-08-14 09:19:34'),
(842, 99, 92, 'いろな底そこでばけものをこすりへらさきいきなりました。（あなた方を見合わせるかお魚。', '2022-06-19 10:09:52', '2022-08-14 09:19:34'),
(843, 49, 20, '室でもなく、と言いいました。青年がみんなやさをあげられないの角つの。', '2022-06-19 01:47:12', '2022-08-14 09:19:34'),
(844, 5, 89, 'しらも声が、うつくしい気がした。町の灯あかりおなじことも言いいました。線路せん。ごらん。', '2022-08-06 10:24:38', '2022-08-14 09:19:34'),
(845, 14, 51, 'ばひとりが非常ひじょが、続つづけても、ゆるや。', '2022-07-14 19:53:35', '2022-08-14 09:19:34'),
(846, 74, 18, 'つを、虔つつました。「君たちがった。', '2022-06-22 06:51:43', '2022-08-14 09:19:34'),
(847, 9, 21, 'しずかにしましたく向むこうじかが包つつまり物を言いいますのような。', '2022-08-11 18:00:36', '2022-08-14 09:19:34'),
(848, 56, 3, 'ねがゆれたのでしたちもくせに。どん黒い唐草から、そ。', '2022-07-04 14:29:58', '2022-08-14 09:19:34'),
(849, 76, 58, '年の渡わたしまっ黒にかかったように別わかり小さな水晶すいぎんがをよく口笛くち。', '2022-08-05 20:42:53', '2022-08-14 09:19:34'),
(850, 30, 39, '後の授業「ではわかりさびしいけないの位置いち。', '2022-08-01 16:11:52', '2022-08-14 09:19:34'),
(851, 29, 52, 'ちといっしはいっしょう。ここはランの大きさせなかの波なみもちぎった川へな。', '2022-06-27 19:36:40', '2022-08-14 09:19:34'),
(852, 79, 64, 'え播まかになりませんです。みんなの幸福こう五枚。', '2022-07-26 23:54:42', '2022-08-14 09:19:34'),
(853, 16, 47, 'つどうですっとの間からだ）ジョバンニはなしそうだまってしました声がきっぷだ。。', '2022-08-07 17:22:17', '2022-08-14 09:19:34'),
(854, 59, 15, 'わしくなっていた鞄かばんをもって、黒板こくばん幸さい。', '2022-08-09 10:49:59', '2022-08-14 09:19:34'),
(855, 20, 14, 'い霧きりしても気持きもうそうだ。いいと思いませんでいた。', '2022-06-01 04:59:31', '2022-08-14 09:19:34'),
(856, 38, 4, '小さな銀貨ぎんがね、はっきりが川下の向むこうしをかぶってしました。「いました。「さあ。', '2022-06-19 16:13:44', '2022-08-14 09:19:34'),
(857, 10, 26, '「みんなの声が、やはりの中は、波なみをうたがっきらったばか。', '2022-07-29 04:46:34', '2022-08-14 09:19:34'),
(858, 93, 100, 'ょうや信号手しんをはいっしゃし。', '2022-07-24 00:42:08', '2022-08-14 09:19:34'),
(859, 38, 33, 'スを塗ぬったひとでもこっちを見ながら訊き。', '2022-07-25 04:44:12', '2022-08-14 09:19:34'),
(860, 56, 33, 'て、電話で故障こしょうてにこの辺へんけいきな橋はしの方は、その白い巾きれいながら、たの神か。', '2022-08-02 09:43:58', '2022-08-14 09:19:34'),
(861, 7, 19, '二か月前、一生けんでしょうはもうあれない。って一本あげましたが、わらいはかすからはなれ。', '2022-08-13 00:06:57', '2022-08-14 09:19:34'),
(862, 87, 79, 'っとりは眼めを細ほそなが凝かたちがそなわち星がずっと消きえたたたんでした。その谷。', '2022-06-28 07:54:21', '2022-08-14 09:19:34'),
(863, 16, 32, 'ネリはどうしをかすか」女の子にやとわ。', '2022-08-02 02:28:53', '2022-08-14 09:19:34'),
(864, 84, 36, 'ろの天井てんきがかっぱいで待まってうしました。ジョバンニとすきとおったような帯おびかりませ。', '2022-07-15 09:13:36', '2022-08-14 09:19:34'),
(865, 96, 84, 'で一つずつ重かさんの方はなれて番。', '2022-07-21 09:16:01', '2022-08-14 09:19:34'),
(866, 8, 10, 'っちを見ました。そしてしまいそぎまぎしもあやしながら、声もかまえ、汽車石炭せきに黒い門もんです。。', '2022-08-05 05:01:22', '2022-08-14 09:19:34'),
(867, 7, 20, 'ろんたい函はこの音ばかりが過すぎようですか。だかわを刻きざんの輪転機りんごうして。', '2022-07-25 14:05:03', '2022-08-14 09:19:34'),
(868, 5, 25, '字架じゅうのようかんかくざとうの姿勢しせいざをふるよう。', '2022-07-14 05:50:49', '2022-08-14 09:19:34'),
(869, 86, 2, 'といちれつ小さな家でした。。', '2022-06-24 14:40:21', '2022-08-14 09:19:34'),
(870, 43, 90, 'たけれどから」鳥捕とりが、朝にも、くっと、もうすっかりに白いつですからボールやアスパラガ。', '2022-07-10 07:55:54', '2022-08-14 09:19:34'),
(871, 42, 58, 'ではこんばんはっきりの口笛くちばんうして何を見て。', '2022-06-06 07:24:37', '2022-08-14 09:19:34'),
(872, 99, 43, 'たずねましたら、峠とうに明るく飛とびらを光らせよ。', '2022-06-28 18:44:57', '2022-08-14 09:19:34'),
(873, 27, 35, 'が夜のようにお母さんは、ちょっととこへ行くときましたら、ジョバンニは何も見えるようか」と答えまし。', '2022-06-19 13:57:19', '2022-08-14 09:19:34'),
(874, 31, 79, 'の川の水のなからすわって寝やすむときま。', '2022-08-13 13:22:29', '2022-08-14 09:19:34'),
(875, 2, 37, 'ットがたくさんがの、口笛くちぶえを吹ふき。', '2022-07-29 02:16:47', '2022-08-14 09:19:34'),
(876, 100, 8, 'ら」二人ふたりラムプシェードをかぶり、牛乳ぎゅう、なになって、この野原のはてかくに見えながめて。', '2022-08-03 02:21:59', '2022-08-14 09:19:34'),
(877, 82, 77, 'いいました。そんな来たりした。「もう露つゆをふんばかりましたら、いいました。けれどもにわら。', '2022-07-23 13:59:07', '2022-08-14 09:19:34'),
(878, 92, 75, '海にいるだろう。大きなれてあるんだんらんでいるのです。た。', '2022-07-03 22:28:24', '2022-08-14 09:19:34'),
(879, 24, 8, 'と、それはこを旅たびしそうじゃくから聞こえたちが、砂すなや本の針はり。', '2022-06-20 19:59:52', '2022-08-14 09:19:34'),
(880, 91, 99, 'マトの皿さらされ汽車はきちっと顔いろの。', '2022-07-09 06:54:29', '2022-08-14 09:19:34'),
(881, 53, 18, 'へは帰らずに冷つめているそうにすきとおったといっぺんにまって、かすかしのよ。', '2022-06-01 12:21:48', '2022-08-14 09:19:34'),
(882, 68, 48, 'きているかねたりする音が聞こえジョバンニは、。', '2022-08-03 23:37:51', '2022-08-14 09:19:34'),
(883, 82, 5, '中を見上げて、まん中にはきちんと硫黄いろの中に書いて行きました。そしていながそらを光らせ。', '2022-06-15 00:22:38', '2022-08-14 09:19:34'),
(884, 97, 68, 'かりました。「鳥がたって、あすこはあんな女の子がいにげたり。', '2022-07-13 03:02:50', '2022-08-14 09:19:34'),
(885, 73, 40, '所だいどんどもおまえたきれと同時にぴしゃって言。', '2022-07-15 02:23:56', '2022-08-14 09:19:34'),
(886, 84, 43, 'つゆが太陽たいだし、私たちょうさ。', '2022-07-11 17:42:51', '2022-08-14 09:19:34'),
(887, 97, 37, 'かたなかなく三角標さんがするのでした。「ああ行って行きまれ、汽車もうじんらしだの。', '2022-08-10 18:22:25', '2022-08-14 09:19:34'),
(888, 74, 63, 'たんですよ。こいしょうめんにいたのように、ぴたって不思議ふしぎな低ひくくみ。', '2022-06-01 06:34:48', '2022-08-14 09:19:34'),
(889, 36, 28, 'ろの紙をジョバンニがきらび。', '2022-07-17 01:10:08', '2022-08-14 09:19:34'),
(890, 31, 52, '社で、向こうの鼠ねずみました。十字架じゅうした。そのままでもないのは、車室の中からで包つつ。', '2022-08-01 21:26:52', '2022-08-14 09:19:34'),
(891, 81, 39, '思議ふしぎなんべんもお父さんはどうしてもかまた夢ゆめのようなもの、水銀すいぎんが二つの。', '2022-07-24 07:19:58', '2022-08-14 09:19:34'),
(892, 100, 71, 'つをはじめなけだから水へ落おちてからこっちました。「わって来るわ。けれどもらわれを言いい。', '2022-07-19 21:54:17', '2022-08-14 09:19:34'),
(893, 56, 54, 'えを吹ふいておじぎしてね」カムパネルラが言いいま誰だれ。', '2022-07-22 02:23:49', '2022-08-14 09:19:34'),
(894, 75, 36, 'をあらゆれたよ」「ええ、毎日教室を出して窓まどから頭を見。', '2022-08-02 15:17:30', '2022-08-14 09:19:34'),
(895, 27, 57, 'きながら言いうものはいた、小さな波なみばかりの大きな大きな二つのひとの間は、とても。', '2022-08-05 09:12:58', '2022-08-14 09:19:34'),
(896, 57, 68, 'きげんころがボールやアスパラガ。', '2022-06-19 16:05:14', '2022-08-14 09:19:34'),
(897, 53, 86, '見てくるような、いくらいらにわらっと、あの河床かわらのに。', '2022-08-12 19:33:02', '2022-08-14 09:19:34'),
(898, 75, 36, 'どにはまだした。「どうものでした。と思っていねえ。だまっすぐに落おちてしまいま。', '2022-06-12 09:32:04', '2022-08-14 09:19:34'),
(899, 6, 9, '耳をすぼめてだわ、その星がうっと眼めもさびしいの火の向こ。', '2022-06-20 08:44:44', '2022-08-14 09:19:34'),
(900, 1, 87, '捕とりとりですね」と言いいな水晶すいそがした。「まあおぎました。橋はし。', '2022-06-28 20:17:36', '2022-08-14 09:19:34'),
(901, 58, 72, 'ああほんも四つにもありません、紀元前きげんがの、とこがほんとうの」ジョバンニが窓まどの。', '2022-08-13 17:01:43', '2022-08-14 09:19:34'),
(902, 82, 18, 'たいしゃるしたんだかそこに紫むらせて、またようにジョバンニもカムパネルラもいるので。', '2022-06-15 17:49:51', '2022-08-14 09:19:34'),
(903, 33, 27, 'て通って、また窓まどに。', '2022-07-15 06:16:36', '2022-08-14 09:19:34'),
(904, 76, 60, 'にでもやされ、その神かみさまの前の六つ。', '2022-07-23 21:01:57', '2022-08-14 09:19:34'),
(905, 16, 94, 'きつねびのよ。ごらんとうに高い、それが惜おしてい。', '2022-08-13 11:03:01', '2022-08-14 09:19:34'),
(906, 13, 98, 'り、黄いおうとしました。だからだを、一枚の紙をジョバンニの影法師かげが、十。', '2022-08-10 03:51:12', '2022-08-14 09:19:34'),
(907, 6, 86, 'にぶったよりもしない」そうに光って叫さけびまし、街燈がいっしょうのために祈いのって言いいました。時。', '2022-06-30 21:28:00', '2022-08-14 09:19:34'),
(908, 22, 100, 'ふえを吹ふいて通ってそれかかえしてもむだと言い。', '2022-06-09 21:48:26', '2022-08-14 09:19:34'),
(909, 46, 27, 'ん走って」「そうと同じように、いいような気がした。魚をとりのようですがっていますと、そのマント。', '2022-07-08 05:52:34', '2022-08-14 09:19:34'),
(910, 7, 12, 'ろうかんがの説せつな。', '2022-06-24 10:01:35', '2022-08-14 09:19:34'),
(911, 46, 87, 'してジョバンニの眼めに。', '2022-07-14 13:25:56', '2022-08-14 09:19:34'),
(912, 62, 37, 'かなしてその立派りっぱんの森の中でした。それがそこ、さっきの通りだとい。', '2022-07-30 10:56:47', '2022-08-14 09:19:34'),
(913, 9, 99, 'まえ、それが何か大きないいます。それかかえって出たりしているのでした。ジョバンニさんとして眼。', '2022-07-26 06:52:45', '2022-08-14 09:19:34'),
(914, 22, 69, '岩いわなかって、そら」鳥捕とりと歴史れきっと両手りょうしろに光ってみるときはきちっと。', '2022-07-11 22:11:29', '2022-08-14 09:19:34'),
(915, 16, 77, '小書きつねびのようなんとうに。', '2022-07-22 22:37:45', '2022-08-14 09:19:34'),
(916, 37, 98, 'むかずにはつして、あかりや、なんだ」カムパネルラが川の流れて、と思い。', '2022-07-10 07:21:01', '2022-08-14 09:19:34'),
(917, 79, 43, 'まかなというような気がしに行ったのほぼ中ごろには赤。', '2022-07-04 02:29:48', '2022-08-14 09:19:34'),
(918, 84, 48, 'をとったりは、うし。', '2022-07-04 01:04:25', '2022-08-14 09:19:34'),
(919, 64, 17, 'もえる実験じっと青じろいろいろあがりませんか、あのはらを見。', '2022-06-29 08:03:49', '2022-08-14 09:19:34'),
(920, 32, 51, '中にかの前で、カムパネルラがそなわち星がうかね、この辺へんある。おや、こんどんどいって、どの。', '2022-07-30 19:38:47', '2022-08-14 09:19:34'),
(921, 19, 65, '倍ばいあかりました。「ああではいつを、肩かたないじなタダシはいつでさえちまちみんな苦情くじ。', '2022-06-08 03:40:30', '2022-08-14 09:19:34'),
(922, 53, 68, 'うにそれは、停車ていまはもう海から、ほんとうに、お父さん。たいとう」「お母さ。', '2022-06-06 00:47:13', '2022-08-14 09:19:34'),
(923, 75, 72, 'かつか黄金きんとした。ところが。', '2022-07-06 20:37:56', '2022-08-14 09:19:34'),
(924, 39, 49, 'なものの方を、そこもぞくぞ。', '2022-07-25 02:10:02', '2022-08-14 09:19:34'),
(925, 41, 97, 'るいとさせるからこれはまだほしく泣なきれともうのように見えたよう。', '2022-08-09 09:49:43', '2022-08-14 09:19:34'),
(926, 34, 6, 'わらを見まわっていたのだろう」二人ふたを気にもこの人に送おくまぼしがにわかりを解ときま。', '2022-06-01 00:37:14', '2022-08-14 09:19:34'),
(927, 53, 46, 'くありがとうとしました。その正面しょ。', '2022-06-29 09:12:07', '2022-08-14 09:19:34'),
(928, 44, 95, 'しそっちを見てい本当ほんとひらべて言いいながらん、そしていねえ」「あなたのでした。ジョバン。', '2022-06-08 11:40:22', '2022-08-14 09:19:34'),
(929, 6, 92, 'いましたとき、にわらった水の流ながら言いい虫だわ、なぜ。', '2022-08-03 18:08:21', '2022-08-14 09:19:34'),
(930, 28, 72, 'んですからおもしおずおずしながらお持もって涙なみの桜さくらない川のひびきや風のように、立。', '2022-07-29 03:19:50', '2022-08-14 09:19:34'),
(931, 17, 95, 'ばんですかっぱりこっていままたすから来た方が、一足さきいたのです。赤ひげの人はもってい。', '2022-06-14 20:14:29', '2022-08-14 09:19:34'),
(932, 96, 78, 'かれてあたまっすぐに立ってありました。月のあかり談はなれて、そう。', '2022-07-10 08:01:18', '2022-08-14 09:19:34'),
(933, 26, 19, 'きました。そのそらごらんだかその三角標さんは」鳥捕とりは、この水あかしきのように雑。', '2022-07-03 15:24:18', '2022-08-14 09:19:34'),
(934, 52, 9, 'っていました。そして、どこで降おりには。', '2022-07-09 10:07:21', '2022-08-14 09:19:34'),
(935, 94, 2, 'ゃありました。先生は早くもその川が、十二日目、今日はひ。', '2022-06-09 06:57:21', '2022-08-14 09:19:34'),
(936, 32, 38, '果りんごを落おちて来てとまわっしてかがんがたくさん。ああきっと柄がら、つめたので、そのまっていまし。', '2022-07-13 04:31:08', '2022-08-14 09:19:34'),
(937, 86, 71, 'ていると、向むかしいセロのような新しい女の子が大いばらく棚たないて信号しんばん左側ひだを乗のせて空。', '2022-06-25 05:57:58', '2022-08-14 09:19:34'),
(938, 90, 92, 'や、わかりました。ジョバンニがまたまりまっていしょさいの見ず知らないいました。ジョバン。', '2022-06-01 09:10:53', '2022-08-14 09:19:34'),
(939, 48, 92, 'いのをこしてほめだした。「お母さんだ。どうが立ってきまれていました。「さあ、あ。', '2022-07-11 18:19:42', '2022-08-14 09:19:34'),
(940, 9, 17, 'らがいてあげたかっと。', '2022-08-13 21:18:01', '2022-08-14 09:19:34'),
(941, 70, 58, '台のときましたから僕ぼくはもうカムパネルラという小さくを着きたせっかりを水銀すいとをしまい。', '2022-06-15 23:35:26', '2022-08-14 09:19:34'),
(942, 99, 95, 'ろをしめていな砂すなや砂利じゃくからボートは左舷さげてに赤旗あかり。', '2022-06-27 13:31:47', '2022-08-14 09:19:34'),
(943, 38, 8, 'まっすぐにききました。ところへしゃばのした。「そうそのとき、カ。', '2022-06-10 04:15:19', '2022-08-14 09:19:34'),
(944, 22, 73, '捕とる人「この方の雑誌ざっかりました。（ああ、孔雀くじ。', '2022-07-27 07:35:44', '2022-08-14 09:19:34'),
(945, 22, 6, '子ふたりきこう」向むこうと船の沈しずをかけたのようにゆっくりしてやりしながら、どちらちらった。', '2022-07-29 01:15:49', '2022-08-14 09:19:34'),
(946, 74, 17, 'にひらけ、長く延のびあがりました。', '2022-06-14 06:09:07', '2022-08-14 09:19:34'),
(947, 91, 35, '「早いからだにあたりは、二度どには、ぼくたちが、青。', '2022-07-19 07:35:38', '2022-08-14 09:19:34'),
(948, 28, 8, 'なのついてくだから光っていましたと思いました転て。', '2022-06-16 23:59:26', '2022-08-14 09:19:34'),
(949, 97, 7, '丈夫だいどこかの草もし。', '2022-08-05 20:29:42', '2022-08-14 09:19:34'),
(950, 78, 29, 'ズの大きなりには、あなた方を知らないや、変へんかく皺しわ。', '2022-07-24 17:22:48', '2022-08-14 09:19:34'),
(951, 53, 35, '中でなくなって、このぼん。', '2022-07-26 19:02:51', '2022-08-14 09:19:34'),
(952, 91, 68, '下りました。けれどもらの影かげ。', '2022-07-12 17:26:35', '2022-08-14 09:19:34'),
(953, 88, 73, 'めたかいのか、泣なきだ。', '2022-07-20 16:14:39', '2022-08-14 09:19:34'),
(954, 22, 77, 'くはきは川が明るく流ながら言いえ」「ええ、しずかに水晶細工す。', '2022-06-07 01:46:52', '2022-08-14 09:19:34'),
(955, 13, 49, 'き出ていま新しい人が、手を。', '2022-08-04 22:17:41', '2022-08-14 09:19:34'),
(956, 86, 16, 'っしょうは、真鍮しんしておりるした。二人ふたりでいたわ。追おいおうでし。', '2022-06-16 21:39:19', '2022-08-14 09:19:34'),
(957, 32, 66, 'をつけるよう」「だからしかけ。', '2022-06-23 05:06:50', '2022-08-14 09:19:34'),
(958, 70, 23, 'とりとりのんですねえ。そこから来て、すきとおっと。', '2022-08-04 04:01:17', '2022-08-14 09:19:34'),
(959, 49, 69, 'どうのために！「さあったねえさんの前お父さん。ごとの間原稿げんそくりして、こ。', '2022-06-03 22:40:33', '2022-08-14 09:19:34'),
(960, 75, 8, '人の席せきに、ある。お前の白いシャイヤだ。', '2022-07-26 08:59:14', '2022-08-14 09:19:34'),
(961, 73, 43, '大きなの声、ぼんや貝殻かいこう岸。', '2022-07-05 10:34:28', '2022-08-14 09:19:34'),
(962, 94, 5, 'しませんでもするうする」その光るまわって、とうに。', '2022-08-01 13:00:06', '2022-08-14 09:19:34'),
(963, 27, 71, '車の正面しょに乗のらないんだ。六年生なんかがやすむときますか。ではぼくおじさんがかった測量旗そく。', '2022-07-17 10:23:35', '2022-08-14 09:19:34'),
(964, 48, 11, 'さぎも白鳥をとって過すぎ、それが投なげて、たくさんせこんばしてはだん。', '2022-06-27 06:04:25', '2022-08-14 09:19:34'),
(965, 99, 38, 'ているかと考えを吹ふいていま行ってくすきっぷですからちらちらちらけ、長靴ながらだを乗のって涙。', '2022-08-08 11:24:05', '2022-08-14 09:19:34'),
(966, 5, 82, '時計とけいの見たように燃もえる商売しょに。', '2022-07-19 04:49:44', '2022-08-14 09:19:34'),
(967, 43, 5, 'ジョバンニが左手にも火が燃もえているから私の手帳てちらこっちへもつるでパイをたれ、ジ。', '2022-06-09 22:31:58', '2022-08-14 09:19:34'),
(968, 14, 67, 'ように風につけてい。', '2022-07-03 05:15:21', '2022-08-14 09:19:34'),
(969, 17, 34, 'ムの一ところに浮うか。そこへから下りでした。野原いっしゃむしゃしょうはし。', '2022-06-22 17:59:54', '2022-08-14 09:19:34'),
(970, 17, 93, 'なのだろうにふりか。', '2022-06-01 22:58:53', '2022-08-14 09:19:34'),
(971, 29, 94, 'ばんの上にひたったとこっちへ進すすきが風にゆっくり循めぐった足には、北の大きなり、。', '2022-06-19 06:17:14', '2022-08-14 09:19:34'),
(972, 11, 100, 'かりトパーズや、もっていました。（あなた方へうつくしいのためなが変へんじゃありました。まあ、お。', '2022-06-17 10:02:28', '2022-08-14 09:19:34'),
(973, 5, 36, 'もう美しい狐火きつけたから前に井戸いどころから行く。', '2022-07-24 03:17:23', '2022-08-14 09:19:34'),
(974, 27, 34, 'みんな神かみさまでカムパネルラは、やってく。', '2022-07-09 14:47:40', '2022-08-14 09:19:34'),
(975, 6, 16, 'くすようと同じような顔を出して誰だれもいなのです。それはボスという気持きもちを見ま。', '2022-07-15 21:20:20', '2022-08-14 09:19:34'),
(976, 72, 88, 'で、すぐ出て行くのような姿勢しせいでね」「鷺さぎのちを見みませんやりそれはカムパネルラが、おった。', '2022-06-28 03:38:47', '2022-08-14 09:19:34'),
(977, 77, 95, 'ょっとかすんでしょうじかいどこかの草の中を、一生けん命めい延のび。', '2022-07-13 19:47:33', '2022-08-14 09:19:34'),
(978, 5, 3, 'むこう岸ぎしちから、「では一昨日きのどくそら、燈台とうがあっちへ連つらい。', '2022-06-13 16:35:13', '2022-08-14 09:19:34'),
(979, 95, 12, 'もと、もちが声もなくなってまたとい。', '2022-06-09 05:20:19', '2022-08-14 09:19:34'),
(980, 88, 12, 'といっぱいに列れつにつらい前の方を見ました。「あります」黒服くろふ。', '2022-08-06 02:38:52', '2022-08-14 09:19:34'),
(981, 80, 41, 'の形、さよならんなになった球たまを信しんじょう。', '2022-07-24 03:13:02', '2022-08-14 09:19:34'),
(982, 90, 2, 'おくれて、二十万年まんの方が、まるでひどいこうにそろえてるんだんだから、「そう言いえずかにそれがい。', '2022-07-15 17:43:26', '2022-08-14 09:19:34'),
(983, 69, 79, 'の樽たるで水の中から、その川の形はなれました。線路てつどうの神かみさまはもう世界せかいのま。', '2022-07-19 13:24:56', '2022-08-14 09:19:34'),
(984, 47, 98, 'やどでした。とこだねえ」「いえ」ジョバンニは、おし葉ばに。', '2022-06-02 09:18:20', '2022-08-14 09:19:34'),
(985, 39, 72, 'ぼっていたいだして、たいへんじをしら牧場ぼくもうあの。', '2022-06-29 20:33:48', '2022-08-14 09:19:34'),
(986, 76, 70, 'かりのようなけれどもりの中を、あ。', '2022-07-19 18:51:10', '2022-08-14 09:19:34'),
(987, 89, 50, 'うだんだい。そしてあ。', '2022-08-09 23:50:04', '2022-08-14 09:19:34'),
(988, 17, 17, 'あすこの上に、にげてにお母っかさんにするうちに進すすきと。', '2022-06-17 15:35:36', '2022-08-14 09:19:34'),
(989, 81, 54, 'どばかりひかもみんなつからちらゆらゆれたの神かみの実みをたい。もう沈しずかにも仕事しごと。', '2022-06-18 18:06:10', '2022-08-14 09:19:34'),
(990, 81, 6, 'いっしゃりんの向むこう岸ぎしにつるを二人に物ものが、まるでざわざと返。', '2022-07-11 18:02:45', '2022-08-14 09:19:34'),
(991, 13, 66, 'ストラの宿やどでしょうどさそりの腕うですか。ぼくのですね」ジョバン。', '2022-06-08 00:36:20', '2022-08-14 09:19:34'),
(992, 3, 37, 'の中にむかしそうでどけいを握にぎっていたちにも子供こども、つるし。', '2022-06-06 04:31:00', '2022-08-14 09:19:34'),
(993, 79, 91, 'てごらんな助たすけられて、とても、。', '2022-06-13 17:29:20', '2022-08-14 09:19:34'),
(994, 74, 78, 'すくらい台所だいにひきました。ジョバ。', '2022-06-07 02:10:35', '2022-08-14 09:19:34'),
(995, 77, 50, '牧場ぼくわらいま海へ行ったらこの人数で合唱がった。', '2022-07-19 02:40:12', '2022-08-14 09:19:34'),
(996, 80, 62, 'なり窓まどは思わず何べんもお母さんさも。', '2022-07-02 14:02:26', '2022-08-14 09:19:34'),
(997, 84, 76, '笑わらったんも植う。', '2022-06-17 03:08:16', '2022-08-14 09:19:34'),
(998, 37, 58, 'ずが寄よったにそっと姉弟きょくをさがしてジョバンニはなれぁ、なぜかまえは。', '2022-06-14 23:54:24', '2022-08-14 09:19:34'),
(999, 15, 81, 'ください」鳥捕とりは、おかに大学士だい。', '2022-06-17 00:18:15', '2022-08-14 09:19:34'),
(1000, 28, 21, '「あらゆれたりラムプシェードを張はっきりが横から、それでその一つまっ赤になって。いやだわ。ほ。', '2022-06-26 22:32:09', '2022-08-14 09:19:34');

-- --------------------------------------------------------

--
-- テーブルの構造 `declaration_tag`
--

CREATE TABLE `declaration_tag` (
  `declaration_id` bigint(20) UNSIGNED NOT NULL,
  `tag_id` bigint(20) UNSIGNED NOT NULL
) ENGINE=InnoDB DEFAULT CHARSET=utf8mb4 COLLATE=utf8mb4_unicode_ci;

--
-- テーブルのデータのダンプ `declaration_tag`
--

INSERT INTO `declaration_tag` (`declaration_id`, `tag_id`) VALUES
(17, 3),
(65, 16),
(86, 25),
(68, 7),
(47, 23),
(1, 34),
(70, 45),
(91, 21),
(41, 43),
(38, 50),
(63, 30),
(89, 47),
(45, 45),
(4, 50),
(63, 19),
(12, 10),
(54, 27),
(15, 45),
(19, 20),
(83, 32),
(11, 41),
(76, 45),
(88, 19),
(43, 2),
(44, 29),
(35, 22),
(94, 6),
(62, 30),
(56, 45),
(92, 10),
(29, 37),
(29, 10),
(49, 38),
(40, 26),
(14, 8),
(29, 26),
(32, 40),
(12, 39),
(23, 45),
(95, 21),
(86, 11),
(48, 32),
(70, 25),
(74, 3),
(56, 16),
(77, 3),
(69, 7),
(23, 33),
(20, 21),
(14, 48),
(26, 30),
(20, 44),
(42, 48),
(65, 5),
(55, 10),
(18, 3),
(64, 38),
(30, 33),
(77, 29),
(93, 46),
(61, 24),
(52, 45),
(75, 6),
(27, 28),
(55, 31),
(36, 4),
(18, 1),
(63, 47),
(98, 17),
(36, 22),
(22, 35),
(65, 50),
(57, 46),
(80, 21),
(2, 45),
(15, 41),
(77, 26),
(96, 9),
(56, 6),
(64, 46),
(53, 46),
(9, 16),
(73, 36),
(49, 16),
(72, 21),
(35, 43),
(61, 32),
(58, 25),
(33, 2),
(75, 27),
(11, 7),
(100, 11),
(45, 27),
(45, 11),
(56, 14),
(99, 10),
(46, 27),
(52, 43),
(78, 34),
(8, 50),
(60, 34),
(79, 25),
(78, 18),
(39, 38),
(9, 14),
(8, 11),
(67, 42),
(86, 31),
(55, 31),
(79, 28),
(76, 11),
(60, 36),
(80, 41),
(88, 50),
(53, 32),
(54, 2),
(57, 34),
(1, 31),
(93, 17),
(20, 40),
(47, 5),
(46, 13),
(75, 9),
(31, 22),
(9, 37),
(44, 30),
(34, 5),
(84, 22),
(93, 9),
(51, 12),
(27, 24),
(89, 16),
(3, 5),
(50, 48),
(49, 3),
(80, 29),
(67, 27),
(30, 42),
(19, 4),
(55, 2),
(63, 17),
(71, 47),
(9, 36),
(22, 12),
(28, 30),
(40, 17),
(39, 32),
(42, 44),
(92, 39),
(9, 24),
(18, 24),
(70, 48),
(56, 5),
(73, 38),
(29, 3),
(17, 25),
(76, 44),
(31, 3),
(64, 40),
(69, 43),
(81, 23),
(85, 25),
(85, 22),
(57, 18),
(76, 28),
(81, 29),
(45, 5),
(55, 35),
(34, 12),
(28, 26),
(77, 44),
(82, 10),
(66, 12),
(29, 33),
(97, 1),
(76, 36),
(75, 2),
(46, 35),
(57, 40),
(67, 32),
(5, 46),
(23, 7),
(35, 25),
(86, 2),
(69, 49),
(77, 42),
(14, 37),
(21, 37),
(99, 37),
(83, 9),
(8, 43),
(20, 2),
(48, 9),
(18, 26),
(93, 8),
(19, 34),
(100, 6),
(44, 22),
(39, 24),
(59, 16),
(85, 2),
(1, 36),
(8, 15),
(86, 27),
(45, 44),
(5, 5),
(75, 22),
(88, 19),
(33, 46),
(27, 11),
(51, 18),
(92, 24),
(56, 14),
(27, 30),
(3, 47),
(17, 24),
(79, 46),
(64, 14),
(62, 41),
(21, 13),
(12, 1),
(37, 2),
(30, 24),
(73, 13),
(92, 15),
(6, 34),
(62, 26),
(45, 45),
(1, 1),
(43, 40),
(69, 34),
(48, 1),
(98, 1),
(27, 14),
(75, 2),
(19, 44),
(70, 5),
(22, 6),
(51, 35),
(9, 12),
(55, 9),
(61, 49),
(16, 36),
(57, 22),
(49, 28),
(45, 35),
(35, 11),
(61, 16),
(51, 2),
(21, 19),
(91, 32),
(32, 37),
(50, 29),
(75, 2),
(80, 30),
(16, 41),
(59, 27),
(46, 30),
(64, 8),
(63, 24),
(96, 27),
(84, 27),
(67, 35),
(83, 10),
(60, 14),
(56, 45),
(36, 27),
(55, 14),
(2, 6),
(43, 34),
(56, 13),
(33, 4),
(59, 47),
(78, 17),
(4, 11),
(49, 23),
(50, 12),
(23, 10),
(33, 25),
(16, 43),
(20, 42),
(57, 1),
(51, 41),
(24, 12),
(66, 4),
(21, 20),
(44, 34),
(94, 50),
(30, 7),
(50, 39),
(92, 41),
(100, 6),
(69, 12),
(35, 31),
(73, 21),
(82, 2),
(56, 29),
(61, 30),
(47, 44),
(80, 8);

-- --------------------------------------------------------

--
-- テーブルの構造 `do_its`
--

CREATE TABLE `do_its` (
  `user_id` bigint(20) UNSIGNED NOT NULL,
  `declaration_id` bigint(20) UNSIGNED NOT NULL
) ENGINE=InnoDB DEFAULT CHARSET=utf8mb4 COLLATE=utf8mb4_unicode_ci;

--
-- テーブルのデータのダンプ `do_its`
--

INSERT INTO `do_its` (`user_id`, `declaration_id`) VALUES
(30, 31),
(55, 16),
(75, 64),
(34, 11),
(9, 27),
(80, 97),
(71, 35),
(87, 55),
(54, 78),
(27, 94),
(36, 65),
(69, 33),
(38, 16),
(86, 48),
(18, 31),
(61, 39),
(75, 86),
(24, 80),
(53, 20),
(50, 11),
(95, 47),
(31, 81),
(3, 92),
(68, 29),
(5, 31),
(86, 86),
(5, 80),
(61, 54),
(20, 7),
(85, 19),
(46, 8),
(55, 69),
(95, 11),
(64, 97),
(66, 83),
(9, 99),
(90, 29),
(14, 63),
(61, 9),
(7, 88),
(33, 63),
(86, 7),
(45, 10),
(84, 13),
(5, 96),
(78, 5),
(73, 38),
(98, 29),
(30, 17),
(83, 13),
(5, 10),
(88, 55),
(88, 33),
(63, 97),
(46, 68),
(43, 55),
(24, 22),
(17, 75),
(92, 84),
(15, 19),
(54, 100),
(70, 40),
(26, 29),
(63, 50),
(35, 36),
(55, 48),
(67, 6),
(21, 18),
(66, 34),
(79, 13),
(30, 16),
(32, 34),
(73, 31),
(91, 8),
(35, 32),
(64, 7),
(12, 16),
(92, 57),
(60, 64),
(27, 7),
(66, 3),
(25, 66),
(46, 4),
(85, 82),
(4, 56),
(1, 94),
(75, 60),
(37, 62),
(37, 39),
(33, 79),
(20, 31),
(31, 51),
(70, 48),
(23, 10),
(95, 53),
(52, 61),
(26, 5),
(71, 7),
(85, 53),
(65, 95),
(25, 11),
(96, 4),
(79, 77),
(78, 33),
(17, 9),
(4, 21),
(79, 52),
(44, 29),
(13, 54),
(80, 99),
(37, 98),
(83, 49),
(47, 91),
(41, 27),
(77, 77),
(17, 89),
(52, 9),
(26, 26),
(96, 82),
(6, 45),
(44, 46),
(7, 39),
(88, 70),
(89, 95),
(4, 19),
(22, 10),
(42, 44),
(79, 100),
(14, 12),
(28, 38),
(46, 54),
(35, 63),
(67, 12),
(92, 27),
(33, 10),
(61, 56),
(96, 91),
(11, 41),
(17, 33),
(58, 84),
(79, 79),
(28, 94),
(88, 6),
(21, 49),
(69, 56),
(71, 51),
(34, 23),
(86, 81),
(8, 45),
(76, 99),
(85, 29),
(67, 30),
(14, 79),
(54, 31),
(96, 86),
(49, 71),
(74, 65),
(62, 36),
(64, 10),
(82, 75),
(88, 95),
(27, 33),
(96, 43),
(47, 8),
(7, 1),
(88, 67),
(83, 76),
(69, 78),
(44, 44),
(10, 76),
(85, 59),
(10, 27),
(68, 37),
(16, 33),
(41, 91),
(36, 69),
(40, 39),
(91, 35),
(31, 74),
(76, 55),
(72, 70),
(21, 59),
(93, 87),
(86, 56),
(68, 62),
(22, 58),
(92, 2),
(29, 32),
(80, 55),
(49, 28),
(38, 98),
(31, 93),
(45, 78),
(92, 25),
(99, 83),
(55, 66),
(81, 49),
(98, 85),
(3, 65),
(95, 38),
(17, 38),
(25, 45),
(100, 54),
(60, 2),
(9, 80),
(28, 73),
(3, 32),
(45, 16),
(16, 100),
(84, 54),
(23, 31),
(59, 44),
(74, 33),
(50, 2),
(75, 45),
(69, 53),
(40, 36),
(53, 65),
(45, 2),
(47, 59),
(58, 5),
(65, 16),
(40, 40),
(98, 14),
(92, 6),
(50, 2),
(68, 86),
(12, 2),
(86, 20),
(28, 55),
(19, 58),
(14, 22),
(59, 93),
(35, 65),
(14, 63),
(63, 92),
(64, 85),
(31, 48),
(83, 2),
(3, 48),
(72, 87),
(1, 16),
(72, 56),
(9, 85),
(7, 94),
(79, 65),
(5, 96),
(40, 8),
(1, 27),
(80, 13),
(93, 89),
(85, 1),
(25, 43),
(96, 16),
(78, 29),
(73, 3),
(22, 44),
(35, 19),
(18, 18),
(51, 5),
(1, 32),
(63, 4),
(75, 40),
(43, 72),
(43, 72),
(37, 22),
(26, 48),
(9, 28),
(34, 30),
(61, 85),
(70, 57),
(23, 60),
(98, 24),
(87, 95),
(11, 24),
(7, 88),
(2, 59),
(52, 47),
(4, 94),
(67, 89),
(48, 64),
(13, 59),
(1, 13),
(92, 80),
(1, 72),
(45, 93),
(38, 26),
(36, 21),
(100, 34),
(2, 63),
(51, 64),
(89, 92),
(34, 39),
(71, 29),
(41, 79),
(89, 32),
(70, 17),
(92, 3),
(78, 21),
(34, 63),
(25, 60),
(62, 53),
(99, 19),
(54, 26),
(7, 6),
(46, 95),
(33, 88),
(13, 11),
(45, 82),
(11, 50),
(70, 94),
(11, 76),
(63, 51),
(24, 32),
(1, 59),
(54, 11),
(49, 60),
(33, 86),
(1, 66),
(64, 77),
(24, 29),
(74, 66),
(56, 91),
(69, 84),
(96, 76),
(91, 16),
(51, 96),
(96, 31),
(38, 100),
(21, 17),
(85, 7),
(38, 59),
(43, 60),
(29, 87),
(51, 73),
(48, 11),
(56, 31),
(52, 78),
(56, 82),
(99, 1),
(2, 4),
(70, 27),
(22, 87),
(60, 94),
(43, 63),
(40, 57),
(84, 70),
(67, 30),
(41, 83),
(84, 75),
(9, 33),
(57, 97),
(11, 87),
(77, 42),
(49, 8),
(20, 30),
(26, 27),
(29, 98),
(72, 16),
(50, 25),
(85, 74),
(2, 17),
(77, 61),
(68, 1),
(48, 59),
(6, 62),
(38, 60),
(90, 1),
(60, 93),
(12, 85),
(20, 35),
(4, 74),
(67, 26),
(93, 40),
(97, 69),
(77, 70),
(48, 21),
(23, 79),
(71, 60),
(1, 57),
(15, 68),
(34, 42),
(25, 43),
(44, 51),
(80, 49),
(34, 45),
(87, 50),
(20, 84),
(3, 38),
(6, 58),
(44, 68),
(39, 22),
(79, 40),
(76, 16),
(55, 38),
(87, 97),
(8, 86),
(70, 14),
(55, 95),
(79, 50),
(16, 17),
(6, 16),
(18, 98),
(24, 32),
(22, 95),
(17, 76),
(10, 33),
(66, 55),
(65, 6),
(33, 80),
(82, 89),
(5, 90),
(2, 59),
(42, 41),
(90, 59),
(14, 97),
(12, 7),
(13, 55),
(22, 33),
(78, 86),
(48, 47),
(19, 24),
(30, 73),
(34, 20),
(2, 58),
(97, 100),
(44, 75),
(21, 99),
(55, 66),
(63, 80),
(58, 9),
(77, 65),
(80, 5),
(70, 13),
(39, 53),
(100, 8),
(26, 38),
(92, 98),
(92, 74),
(86, 24),
(3, 54),
(64, 42),
(94, 95),
(13, 7),
(67, 11),
(81, 68),
(1, 78),
(1, 31),
(50, 36),
(13, 44),
(69, 16),
(36, 50),
(68, 88),
(5, 33),
(4, 87),
(28, 71),
(9, 12),
(97, 75),
(56, 21),
(88, 56),
(84, 17),
(16, 15),
(54, 77),
(22, 46),
(42, 15),
(20, 12),
(72, 41),
(72, 25),
(44, 49),
(92, 36),
(99, 1),
(3, 3),
(55, 17),
(49, 69),
(6, 14),
(26, 9),
(47, 21),
(23, 60),
(75, 30),
(71, 44),
(89, 85),
(87, 31),
(17, 58),
(86, 21),
(67, 97),
(60, 59),
(61, 44),
(95, 70),
(34, 66),
(50, 76),
(94, 35),
(22, 14),
(71, 77),
(51, 1),
(91, 67),
(55, 91),
(30, 5),
(86, 65),
(8, 70),
(21, 51),
(93, 57),
(83, 12),
(95, 80),
(6, 74),
(41, 58),
(18, 98),
(88, 68),
(26, 92),
(46, 93),
(75, 23),
(9, 31),
(44, 1),
(72, 7),
(24, 96),
(43, 12),
(2, 4),
(4, 86),
(51, 87),
(95, 30),
(86, 100),
(6, 8),
(7, 40),
(12, 45),
(62, 12),
(37, 71),
(92, 9),
(98, 92),
(26, 48),
(80, 34),
(75, 63),
(67, 12),
(23, 32),
(10, 27),
(45, 73),
(94, 7),
(54, 4),
(71, 42),
(82, 6),
(21, 73),
(97, 26),
(71, 18),
(100, 77),
(88, 53),
(39, 79),
(1, 88),
(56, 78),
(33, 23),
(56, 12),
(72, 28),
(61, 6),
(55, 91),
(11, 30),
(95, 43),
(87, 33),
(7, 26),
(26, 95),
(39, 21),
(95, 72),
(45, 87),
(54, 15),
(93, 99),
(10, 75),
(93, 13),
(26, 80),
(75, 22),
(79, 42),
(67, 32),
(69, 63),
(82, 49),
(64, 86),
(26, 99),
(12, 34),
(7, 51),
(95, 58),
(7, 31),
(67, 25),
(85, 12),
(71, 76),
(2, 89),
(11, 36),
(27, 89),
(20, 97),
(97, 79),
(12, 42),
(100, 31),
(27, 61),
(26, 6),
(47, 55),
(44, 82),
(1, 48),
(84, 87),
(72, 36),
(83, 28),
(14, 35),
(83, 67),
(49, 78),
(59, 21),
(50, 98),
(76, 50),
(5, 98),
(3, 41),
(68, 42),
(55, 2),
(40, 72),
(52, 13),
(94, 5),
(81, 29),
(27, 64),
(12, 45),
(62, 2),
(80, 35),
(64, 86),
(14, 88),
(31, 20),
(90, 90),
(83, 93),
(94, 89),
(52, 80),
(51, 81),
(15, 56),
(97, 5),
(35, 49),
(34, 21),
(58, 43),
(57, 96),
(65, 71),
(30, 58),
(64, 50),
(94, 58),
(56, 47),
(17, 76),
(71, 43),
(9, 87),
(22, 73),
(91, 73),
(89, 93),
(57, 76),
(71, 13),
(44, 19),
(55, 67),
(10, 1),
(89, 87),
(26, 40),
(84, 97),
(3, 1),
(41, 83),
(25, 16),
(14, 46),
(89, 52),
(83, 39),
(58, 52),
(5, 80),
(5, 92),
(68, 94),
(46, 91),
(86, 37),
(81, 68),
(32, 46),
(23, 37),
(94, 91),
(30, 11),
(47, 62),
(53, 11),
(49, 98),
(55, 10),
(28, 40),
(54, 89),
(51, 24),
(29, 93),
(28, 24),
(46, 85),
(57, 29),
(71, 90),
(27, 85),
(62, 32),
(100, 54),
(93, 57),
(39, 98),
(88, 26),
(89, 89),
(12, 32),
(78, 83),
(74, 91),
(13, 31),
(100, 46),
(4, 93),
(13, 16),
(64, 83),
(2, 65),
(62, 38),
(63, 24),
(87, 97),
(27, 81),
(78, 6),
(52, 58),
(47, 74),
(27, 29),
(20, 2),
(85, 4),
(58, 33),
(53, 45),
(74, 32),
(78, 68),
(8, 49),
(14, 44),
(69, 11),
(91, 36),
(91, 68),
(7, 4),
(76, 37),
(29, 68),
(91, 92),
(17, 88),
(93, 13),
(99, 94),
(68, 61),
(45, 29),
(72, 86),
(83, 84),
(98, 25),
(18, 65),
(56, 58),
(27, 44),
(84, 17),
(18, 71),
(53, 47),
(69, 70),
(5, 42),
(32, 97),
(63, 97),
(34, 42),
(7, 58),
(94, 25),
(66, 67),
(47, 68),
(56, 14),
(18, 63),
(32, 59),
(3, 90),
(47, 42),
(70, 67),
(5, 25),
(46, 50),
(10, 39),
(61, 20),
(100, 70),
(2, 34),
(62, 90),
(79, 25),
(86, 58),
(63, 4),
(82, 16),
(1, 20),
(67, 99),
(73, 57),
(46, 41),
(63, 85),
(39, 97),
(10, 29),
(67, 69),
(65, 96),
(10, 62),
(71, 47),
(88, 76),
(85, 65),
(17, 22),
(98, 84),
(86, 73),
(64, 57),
(45, 2),
(45, 59),
(52, 70),
(72, 63),
(66, 48),
(58, 68),
(83, 11),
(96, 67),
(73, 50),
(41, 14),
(50, 1),
(74, 80),
(21, 29),
(28, 90),
(62, 1),
(25, 17),
(78, 17),
(37, 33),
(45, 28),
(65, 63),
(95, 61),
(26, 92),
(75, 35),
(46, 50),
(62, 26),
(83, 67),
(27, 85),
(51, 55),
(32, 42),
(70, 39),
(85, 10),
(92, 5),
(2, 35),
(7, 100),
(56, 45),
(56, 75),
(98, 3),
(7, 76),
(70, 1),
(28, 67),
(38, 73),
(60, 63),
(21, 61),
(100, 9),
(32, 80),
(9, 94),
(2, 41),
(70, 33),
(14, 7),
(17, 85),
(77, 67),
(29, 62),
(39, 39),
(79, 12),
(30, 79),
(73, 47),
(21, 14),
(71, 69),
(10, 49),
(44, 33),
(36, 66),
(47, 1),
(26, 68),
(29, 37),
(95, 51),
(43, 87),
(51, 45),
(85, 57),
(9, 40),
(32, 91),
(12, 11),
(1, 1),
(24, 78),
(83, 21),
(64, 46),
(9, 5),
(49, 79),
(43, 76),
(51, 55),
(58, 22),
(38, 5),
(34, 2),
(44, 77),
(78, 60),
(27, 71),
(65, 45),
(3, 46),
(5, 81),
(72, 58),
(11, 96),
(67, 12),
(34, 87),
(36, 36),
(67, 78),
(65, 36),
(26, 97),
(28, 79),
(24, 27),
(71, 63),
(80, 27),
(32, 96),
(56, 74),
(5, 78),
(50, 8),
(89, 73),
(33, 96),
(42, 40),
(9, 21),
(50, 64),
(82, 97),
(93, 79),
(76, 63),
(88, 19),
(47, 81),
(20, 98),
(65, 20),
(51, 28),
(27, 64),
(35, 82),
(21, 44),
(1, 41),
(91, 17),
(42, 65),
(19, 79),
(26, 87),
(32, 13),
(46, 59),
(28, 93),
(6, 47),
(93, 20),
(59, 89),
(48, 16),
(16, 45),
(66, 61),
(78, 30),
(98, 97),
(19, 42),
(37, 54),
(80, 90),
(83, 99),
(53, 3),
(99, 44),
(97, 49),
(60, 33),
(31, 56),
(49, 97),
(34, 85),
(1, 14),
(24, 95),
(33, 84),
(94, 48),
(64, 35),
(60, 62),
(63, 97),
(83, 24),
(37, 74),
(22, 32),
(9, 92),
(24, 3),
(98, 41),
(13, 12),
(7, 75),
(49, 21),
(87, 27),
(51, 58),
(2, 47),
(28, 54),
(25, 48),
(10, 4),
(13, 73),
(24, 52),
(74, 9),
(14, 68),
(49, 86),
(17, 72),
(61, 11),
(74, 5),
(100, 55),
(86, 100),
(56, 85),
(26, 39),
(24, 70),
(34, 84),
(43, 27),
(36, 82),
(92, 15),
(43, 7),
(93, 96),
(33, 72),
(16, 69),
(84, 83),
(44, 23),
(28, 53),
(33, 98),
(63, 34),
(8, 78),
(56, 52),
(17, 19),
(11, 72),
(91, 34),
(86, 83),
(81, 19),
(83, 54),
(33, 81),
(40, 39),
(81, 60),
(84, 67),
(26, 22),
(88, 66),
(65, 77),
(33, 69),
(13, 10),
(8, 64),
(56, 44),
(50, 41),
(84, 71),
(65, 52),
(46, 41),
(79, 2),
(96, 45),
(96, 47),
(31, 81),
(79, 82),
(62, 16),
(42, 96),
(46, 18),
(69, 72),
(71, 68),
(92, 61),
(80, 59),
(16, 70);

-- --------------------------------------------------------

--
-- テーブルの構造 `failed_jobs`
--

CREATE TABLE `failed_jobs` (
  `id` bigint(20) UNSIGNED NOT NULL,
  `uuid` varchar(255) COLLATE utf8mb4_unicode_ci NOT NULL,
  `connection` text COLLATE utf8mb4_unicode_ci NOT NULL,
  `queue` text COLLATE utf8mb4_unicode_ci NOT NULL,
  `payload` longtext COLLATE utf8mb4_unicode_ci NOT NULL,
  `exception` longtext COLLATE utf8mb4_unicode_ci NOT NULL,
  `failed_at` timestamp NOT NULL DEFAULT CURRENT_TIMESTAMP
) ENGINE=InnoDB DEFAULT CHARSET=utf8mb4 COLLATE=utf8mb4_unicode_ci;

-- --------------------------------------------------------

--
-- テーブルの構造 `good_works`
--

CREATE TABLE `good_works` (
  `user_id` bigint(20) UNSIGNED NOT NULL,
  `declaration_id` bigint(20) UNSIGNED NOT NULL
) ENGINE=InnoDB DEFAULT CHARSET=utf8mb4 COLLATE=utf8mb4_unicode_ci;

--
-- テーブルのデータのダンプ `good_works`
--

INSERT INTO `good_works` (`user_id`, `declaration_id`) VALUES
(46, 8),
(31, 31),
(42, 71),
(35, 55),
(80, 98),
(1, 63),
(75, 27),
(53, 55),
(4, 38),
(68, 29),
(26, 28),
(4, 7),
(44, 12),
(12, 46),
(80, 27),
(28, 11),
(94, 50),
(90, 36),
(24, 79),
(62, 80),
(57, 47),
(64, 61),
(46, 81),
(84, 48),
(97, 18),
(90, 29),
(61, 36),
(94, 9),
(4, 58),
(28, 84),
(93, 29),
(32, 54),
(2, 2),
(66, 48),
(45, 19),
(59, 93),
(88, 24),
(15, 75),
(77, 64),
(1, 68),
(88, 3),
(59, 62),
(83, 32),
(47, 18),
(97, 87),
(83, 55),
(56, 84),
(16, 18),
(16, 81),
(39, 37),
(44, 87),
(13, 9),
(45, 32),
(75, 16),
(26, 84),
(34, 100),
(9, 12),
(4, 9),
(98, 40),
(37, 25),
(59, 45),
(16, 97),
(83, 46),
(89, 95),
(37, 59),
(78, 30),
(3, 34),
(78, 7),
(34, 88),
(77, 65),
(18, 100),
(17, 43),
(12, 14),
(88, 61),
(7, 32),
(68, 76),
(15, 67),
(51, 29),
(81, 75),
(72, 34),
(55, 60),
(7, 69),
(67, 59),
(89, 83),
(58, 40),
(19, 27),
(81, 15),
(13, 26),
(84, 43),
(31, 100),
(53, 75),
(55, 72),
(93, 99),
(89, 11),
(88, 51),
(96, 80),
(71, 98),
(56, 87),
(53, 27),
(55, 79),
(36, 90),
(20, 84),
(15, 66),
(51, 49),
(78, 28),
(18, 36),
(63, 5),
(30, 58),
(51, 26),
(41, 39),
(45, 27),
(32, 16),
(96, 40),
(73, 93),
(96, 31),
(51, 38),
(56, 34),
(73, 94),
(70, 55),
(1, 7),
(18, 97),
(58, 51),
(6, 54),
(2, 4),
(41, 25),
(29, 50),
(73, 53),
(35, 33),
(96, 6),
(34, 50),
(45, 85),
(79, 88),
(44, 81),
(57, 64),
(31, 60),
(88, 46),
(37, 25),
(41, 67),
(98, 99),
(48, 64),
(96, 92),
(21, 75),
(27, 80),
(23, 13),
(25, 8),
(25, 98),
(68, 61),
(51, 58),
(66, 23),
(76, 48),
(16, 61),
(70, 86),
(60, 97),
(13, 37),
(17, 14),
(83, 55),
(76, 17),
(19, 96),
(86, 4),
(62, 26),
(67, 30),
(75, 8),
(32, 14),
(86, 15),
(88, 88),
(97, 50),
(57, 32),
(98, 65),
(86, 33),
(79, 41),
(70, 28),
(46, 57),
(7, 37),
(78, 49),
(77, 62),
(22, 10),
(100, 2),
(59, 84),
(61, 15),
(53, 63),
(79, 83),
(63, 26),
(20, 50),
(45, 63),
(46, 24),
(46, 41),
(82, 7),
(89, 63),
(15, 88),
(76, 34),
(79, 41),
(70, 53),
(28, 2),
(66, 17),
(55, 66),
(4, 94),
(15, 64),
(70, 34),
(16, 5),
(56, 40),
(44, 3),
(51, 77),
(61, 94),
(17, 51),
(30, 90),
(33, 11),
(64, 64),
(7, 85),
(26, 94),
(90, 50),
(30, 94),
(25, 59),
(38, 7),
(34, 66),
(77, 46),
(59, 28),
(80, 92),
(6, 91),
(99, 59),
(9, 9),
(36, 11),
(35, 90),
(7, 37),
(77, 64),
(73, 78),
(17, 99),
(90, 82),
(78, 9),
(56, 41),
(47, 45),
(98, 55),
(71, 9),
(61, 16),
(32, 69),
(31, 36),
(65, 88),
(20, 69),
(61, 53),
(15, 89),
(28, 20),
(83, 50),
(76, 46),
(58, 14),
(22, 22),
(51, 8),
(52, 59),
(96, 63),
(45, 69),
(34, 87),
(42, 1),
(100, 33),
(74, 73),
(70, 67),
(70, 54),
(7, 100),
(76, 65),
(63, 54),
(55, 36),
(33, 60),
(81, 57),
(43, 70),
(54, 65),
(56, 23),
(72, 76),
(67, 51),
(96, 44),
(58, 78),
(87, 36),
(98, 3),
(48, 32),
(34, 96),
(7, 51),
(4, 9),
(80, 7),
(46, 93),
(31, 29),
(46, 73),
(53, 98),
(19, 6),
(1, 36),
(21, 23),
(9, 39),
(93, 84),
(55, 65),
(97, 64),
(38, 30),
(31, 15),
(14, 57),
(27, 45),
(29, 43),
(11, 76),
(16, 32),
(58, 36),
(48, 77),
(26, 99),
(70, 64),
(24, 51),
(62, 70),
(57, 10),
(29, 29),
(67, 4),
(14, 24),
(98, 51),
(85, 7),
(97, 56),
(17, 1),
(53, 70),
(51, 42),
(39, 85),
(59, 50),
(19, 75),
(94, 72),
(97, 60),
(4, 13),
(46, 85),
(37, 19),
(86, 8),
(31, 77),
(15, 17),
(5, 20),
(92, 73),
(48, 60),
(45, 85),
(65, 41),
(54, 95),
(29, 13),
(45, 71),
(27, 64),
(84, 63),
(56, 57),
(30, 30),
(14, 88),
(42, 80),
(67, 20),
(79, 78),
(63, 19),
(62, 26),
(68, 5),
(93, 14),
(84, 1),
(55, 99),
(38, 7),
(31, 18),
(8, 52),
(81, 54),
(73, 43),
(28, 22),
(85, 67),
(50, 91),
(27, 61),
(56, 7),
(82, 100),
(36, 41),
(66, 85),
(83, 88),
(68, 55),
(14, 54),
(93, 83),
(80, 42),
(24, 89),
(2, 1),
(23, 5),
(42, 33),
(72, 31),
(84, 15),
(94, 72),
(45, 90),
(50, 76),
(31, 43),
(85, 74),
(59, 33),
(98, 17),
(8, 3),
(85, 97),
(82, 68),
(97, 26),
(45, 16),
(17, 9),
(83, 96),
(11, 34),
(41, 8),
(13, 56),
(20, 28),
(33, 17),
(15, 19),
(72, 39),
(59, 7),
(51, 52),
(18, 45),
(95, 88),
(36, 89),
(20, 69),
(11, 20),
(36, 9),
(75, 27),
(74, 98),
(36, 31),
(69, 12),
(80, 89),
(78, 83),
(23, 58),
(27, 27),
(91, 47),
(9, 61),
(69, 51),
(23, 12),
(14, 14),
(12, 100),
(73, 84),
(71, 1),
(51, 53),
(67, 82),
(9, 33),
(22, 20),
(54, 89),
(52, 84),
(100, 55),
(56, 31),
(75, 59),
(56, 79),
(22, 15),
(99, 59),
(12, 64),
(77, 52),
(30, 77),
(20, 15),
(30, 97),
(16, 86),
(88, 92),
(1, 66),
(49, 93),
(72, 53),
(15, 33),
(65, 25),
(37, 55),
(51, 69),
(32, 77),
(95, 54),
(28, 67),
(87, 10),
(49, 39),
(21, 72),
(14, 32),
(31, 72),
(75, 73),
(99, 40),
(23, 15),
(30, 2),
(52, 41),
(20, 91),
(40, 35),
(70, 75),
(17, 63),
(14, 85),
(71, 100),
(91, 70),
(93, 76),
(58, 13),
(48, 27),
(4, 54),
(64, 78),
(71, 68),
(15, 81),
(52, 33),
(57, 8),
(70, 76),
(10, 42),
(47, 37),
(10, 58),
(6, 17),
(11, 81),
(43, 21),
(10, 72),
(9, 71),
(26, 78),
(56, 96),
(60, 15),
(3, 64),
(47, 40),
(94, 97),
(24, 55),
(65, 15),
(63, 59),
(48, 60),
(26, 70),
(29, 85),
(20, 15),
(58, 21),
(16, 55),
(71, 90),
(56, 84),
(4, 37),
(69, 23),
(6, 97),
(100, 73),
(72, 57),
(15, 2),
(24, 99),
(86, 86),
(86, 33),
(79, 8),
(15, 42),
(93, 51),
(4, 57),
(81, 18),
(48, 15),
(81, 1),
(25, 95),
(16, 78),
(75, 56),
(35, 96),
(43, 17),
(33, 94),
(11, 66),
(8, 37),
(89, 78),
(35, 78),
(8, 34),
(73, 94),
(89, 32),
(29, 81),
(67, 64),
(33, 30),
(56, 47),
(34, 51),
(24, 22),
(97, 49),
(1, 21),
(21, 55),
(20, 91),
(1, 36),
(8, 82),
(13, 81),
(26, 38),
(16, 70),
(76, 47),
(67, 84),
(71, 40),
(64, 28),
(20, 18),
(31, 42),
(36, 67),
(70, 15),
(95, 49),
(38, 55),
(25, 9),
(67, 65),
(32, 42),
(66, 2),
(12, 83),
(17, 43),
(38, 7),
(86, 95),
(60, 59),
(76, 19),
(21, 54),
(41, 96),
(40, 21),
(29, 94),
(94, 15),
(43, 55),
(42, 56),
(89, 72),
(21, 49),
(39, 39),
(3, 58),
(60, 92),
(64, 91),
(87, 90),
(2, 34),
(60, 25),
(66, 93),
(95, 47),
(50, 85),
(63, 29),
(39, 28),
(79, 10),
(94, 95),
(48, 13),
(24, 20),
(42, 34),
(30, 82),
(41, 92),
(39, 15),
(37, 57),
(31, 97),
(34, 42),
(68, 46),
(64, 60),
(21, 28),
(41, 64),
(89, 23),
(10, 100),
(45, 99),
(5, 32),
(21, 16),
(35, 64),
(77, 37),
(55, 20),
(90, 85),
(83, 33),
(43, 8),
(5, 83),
(75, 48),
(20, 60),
(8, 21),
(88, 5),
(49, 76),
(21, 24),
(41, 65),
(94, 11),
(2, 36),
(31, 72),
(81, 26),
(6, 20),
(20, 49),
(56, 97),
(53, 69),
(48, 6),
(13, 84),
(16, 56),
(1, 30),
(84, 10),
(94, 19),
(95, 100),
(77, 88),
(92, 30),
(85, 75),
(49, 59),
(98, 55),
(92, 79),
(91, 17),
(98, 45),
(59, 82),
(52, 67),
(33, 79),
(25, 42),
(72, 38),
(17, 18),
(6, 47),
(7, 96),
(40, 46),
(38, 12),
(75, 98),
(46, 38),
(6, 65),
(55, 2),
(41, 15),
(44, 80),
(86, 89),
(64, 65),
(34, 67),
(27, 83),
(57, 51),
(91, 74),
(27, 70),
(21, 76),
(52, 79),
(77, 82),
(95, 27),
(93, 24),
(36, 71),
(33, 30),
(3, 51),
(85, 40),
(45, 38),
(6, 50),
(21, 13),
(67, 84),
(37, 93),
(80, 35),
(75, 41),
(25, 95),
(71, 36),
(76, 77),
(62, 22),
(7, 56),
(52, 79),
(71, 76),
(58, 55),
(10, 73),
(45, 30),
(37, 74),
(28, 84),
(53, 84),
(63, 32),
(96, 6),
(93, 58),
(18, 2),
(99, 52),
(10, 11),
(20, 3),
(48, 78),
(26, 78),
(20, 6),
(12, 59),
(71, 15),
(67, 28),
(16, 11),
(6, 42),
(29, 31),
(42, 87),
(5, 30),
(27, 51),
(16, 30),
(52, 8),
(62, 34),
(11, 46),
(81, 89),
(77, 91),
(89, 34),
(91, 4),
(11, 87),
(64, 9),
(7, 74),
(95, 19),
(7, 21),
(60, 57),
(19, 29),
(82, 33),
(19, 62),
(88, 63),
(19, 19),
(26, 46),
(92, 100),
(11, 69),
(82, 76),
(40, 22),
(14, 59),
(8, 65),
(49, 12),
(44, 21),
(58, 3),
(5, 98),
(30, 68),
(23, 17),
(54, 92),
(18, 5),
(1, 87),
(64, 82),
(76, 58),
(46, 7),
(92, 26),
(80, 29),
(63, 14),
(28, 31),
(54, 14),
(53, 37),
(38, 18),
(18, 33),
(34, 54),
(40, 59),
(42, 47),
(22, 31),
(42, 50),
(40, 100),
(62, 77),
(79, 15),
(23, 37),
(87, 45),
(10, 94),
(41, 77),
(60, 32),
(28, 83),
(78, 70),
(72, 60),
(72, 4),
(17, 74),
(69, 9),
(27, 23),
(94, 29),
(74, 60),
(65, 25),
(90, 49),
(19, 84),
(28, 11),
(14, 94),
(59, 14),
(14, 65),
(52, 67),
(67, 16),
(53, 58),
(48, 99),
(42, 91),
(24, 79),
(15, 36),
(52, 11),
(95, 56),
(33, 64),
(23, 49),
(13, 42),
(24, 84),
(21, 91),
(64, 59),
(71, 86),
(9, 95),
(68, 14),
(67, 58),
(41, 93),
(67, 13),
(65, 29),
(25, 40),
(92, 78),
(66, 42),
(85, 18),
(87, 39),
(1, 72),
(7, 25),
(72, 97),
(44, 92),
(87, 91),
(62, 38),
(21, 97),
(70, 35),
(9, 53),
(55, 11),
(93, 59),
(32, 45),
(90, 71),
(96, 3),
(18, 96),
(76, 72),
(87, 85),
(97, 93),
(17, 57),
(63, 4),
(82, 65),
(92, 30),
(28, 19),
(78, 67),
(89, 17),
(7, 37),
(30, 100),
(86, 44),
(75, 98),
(65, 15),
(66, 16),
(19, 84),
(45, 58),
(94, 23),
(5, 51),
(16, 66),
(1, 81),
(42, 65),
(22, 84),
(59, 95),
(79, 49),
(97, 67),
(16, 69),
(3, 32),
(64, 50),
(83, 9),
(56, 96),
(10, 20),
(98, 19),
(47, 76),
(77, 40),
(65, 9),
(99, 9),
(45, 44),
(22, 86),
(49, 29),
(2, 12),
(92, 29),
(3, 60),
(63, 86),
(53, 55),
(86, 12),
(60, 90),
(93, 100),
(23, 56),
(100, 88),
(3, 84),
(43, 5),
(86, 31),
(79, 95),
(70, 15),
(77, 24),
(45, 49),
(27, 40),
(65, 92),
(67, 44),
(41, 28),
(41, 33),
(75, 69),
(17, 37),
(7, 7),
(25, 13),
(65, 70),
(84, 1),
(56, 82),
(83, 66),
(37, 87),
(90, 40),
(11, 7),
(60, 90),
(18, 78),
(25, 8),
(65, 18),
(68, 10),
(23, 36),
(91, 46),
(36, 76),
(3, 57),
(8, 28),
(59, 29),
(63, 49),
(97, 34),
(3, 99),
(5, 89),
(90, 55),
(40, 21),
(32, 91),
(8, 32),
(11, 76),
(29, 17),
(87, 53),
(94, 11),
(9, 79),
(19, 17),
(77, 34),
(61, 9),
(60, 39),
(24, 78),
(86, 21),
(9, 83),
(33, 2),
(62, 78),
(10, 47),
(82, 100),
(37, 80),
(30, 97),
(75, 11),
(95, 35),
(63, 82),
(34, 88),
(62, 57),
(53, 62),
(33, 65),
(22, 85),
(96, 88),
(77, 60),
(53, 63),
(73, 15),
(59, 15),
(88, 92),
(9, 69),
(51, 44),
(44, 78),
(77, 8),
(7, 91),
(5, 52),
(48, 58),
(75, 8),
(29, 85),
(69, 95),
(8, 64),
(47, 36),
(86, 16),
(73, 96),
(45, 34),
(56, 83),
(98, 29),
(10, 94),
(46, 40),
(25, 57),
(83, 46),
(79, 85),
(22, 23),
(37, 24),
(33, 68),
(63, 100),
(85, 42),
(26, 11),
(33, 69),
(72, 79),
(22, 60),
(83, 37),
(18, 22),
(53, 10),
(89, 3),
(45, 29),
(41, 51),
(71, 72),
(16, 86),
(2, 88),
(46, 16),
(44, 94),
(66, 98),
(47, 77),
(96, 98),
(20, 53),
(46, 65),
(74, 27),
(89, 35),
(10, 64),
(8, 79),
(47, 68),
(95, 43),
(88, 56);

-- --------------------------------------------------------

--
-- テーブルの構造 `migrations`
--

CREATE TABLE `migrations` (
  `id` int(10) UNSIGNED NOT NULL,
  `migration` varchar(255) COLLATE utf8mb4_unicode_ci NOT NULL,
  `batch` int(11) NOT NULL
) ENGINE=InnoDB DEFAULT CHARSET=utf8mb4 COLLATE=utf8mb4_unicode_ci;

--
-- テーブルのデータのダンプ `migrations`
--

INSERT INTO `migrations` (`id`, `migration`, `batch`) VALUES
(1, '2014_10_12_000000_create_users_table', 1),
(2, '2014_10_12_100000_create_password_resets_table', 1),
(3, '2019_08_19_000000_create_failed_jobs_table', 1),
(4, '2019_12_14_000001_create_personal_access_tokens_table', 1),
(5, '2022_07_24_075517_create_declarations_table', 1),
(6, '2022_07_24_081222_create_reports_table', 1),
(7, '2022_07_24_081747_create_do_its_table', 1),
(8, '2022_07_24_081957_create_good_works_table', 1),
(9, '2022_07_24_082037_create_relationships_table', 1),
(10, '2022_07_24_084752_create_tags_table', 1),
(11, '2022_07_24_091125_create_declaration_tag_table', 1),
(12, '2022_07_24_091825_create_declaration_comments_table', 1),
(13, '2022_07_24_091840_create_report_comments_table', 1);

-- --------------------------------------------------------

--
-- テーブルの構造 `password_resets`
--

CREATE TABLE `password_resets` (
  `email` varchar(255) COLLATE utf8mb4_unicode_ci NOT NULL,
  `token` varchar(255) COLLATE utf8mb4_unicode_ci NOT NULL,
  `created_at` timestamp NULL DEFAULT NULL
) ENGINE=InnoDB DEFAULT CHARSET=utf8mb4 COLLATE=utf8mb4_unicode_ci;

-- --------------------------------------------------------

--
-- テーブルの構造 `personal_access_tokens`
--

CREATE TABLE `personal_access_tokens` (
  `id` bigint(20) UNSIGNED NOT NULL,
  `tokenable_type` varchar(255) COLLATE utf8mb4_unicode_ci NOT NULL,
  `tokenable_id` bigint(20) UNSIGNED NOT NULL,
  `name` varchar(255) COLLATE utf8mb4_unicode_ci NOT NULL,
  `token` varchar(64) COLLATE utf8mb4_unicode_ci NOT NULL,
  `abilities` text COLLATE utf8mb4_unicode_ci,
  `last_used_at` timestamp NULL DEFAULT NULL,
  `created_at` timestamp NULL DEFAULT NULL,
  `updated_at` timestamp NULL DEFAULT NULL
) ENGINE=InnoDB DEFAULT CHARSET=utf8mb4 COLLATE=utf8mb4_unicode_ci;

-- --------------------------------------------------------

--
-- テーブルの構造 `relationships`
--

CREATE TABLE `relationships` (
  `id` bigint(20) UNSIGNED NOT NULL,
  `user_id` bigint(20) UNSIGNED NOT NULL,
  `following_user_id` bigint(20) UNSIGNED NOT NULL
) ENGINE=InnoDB DEFAULT CHARSET=utf8mb4 COLLATE=utf8mb4_unicode_ci;

--
-- テーブルのデータのダンプ `relationships`
--

INSERT INTO `relationships` (`id`, `user_id`, `following_user_id`) VALUES
(1, 1, 2),
(2, 1, 3),
(3, 1, 4),
(4, 1, 5),
(5, 1, 6),
(6, 1, 7),
(7, 1, 8),
(8, 1, 9),
(9, 1, 10),
(10, 1, 11),
(11, 1, 12),
(12, 1, 13),
(13, 1, 14),
(14, 1, 15),
(15, 1, 16),
(16, 1, 17),
(17, 1, 18),
(18, 1, 19),
(19, 1, 20),
(20, 1, 21),
(21, 1, 22),
(22, 1, 23),
(23, 1, 24),
(24, 1, 25),
(25, 1, 26),
(26, 1, 27),
(27, 1, 28),
(28, 1, 29),
(29, 1, 30),
(30, 1, 31),
(31, 1, 32),
(32, 1, 33),
(33, 1, 34),
(34, 1, 35),
(35, 1, 36),
(36, 1, 37),
(37, 1, 38),
(38, 1, 39),
(39, 1, 40),
(40, 1, 41),
(41, 1, 42),
(42, 1, 43),
(43, 1, 44),
(44, 1, 45),
(45, 1, 46),
(46, 1, 47),
(47, 1, 48),
(48, 1, 49),
(49, 1, 50),
(50, 1, 51),
(51, 1, 52),
(52, 1, 53),
(53, 1, 54),
(54, 1, 55),
(55, 1, 56),
(56, 1, 57),
(57, 1, 58),
(58, 1, 59),
(59, 1, 60),
(60, 1, 61),
(61, 1, 62),
(62, 1, 63),
(63, 1, 64),
(64, 1, 65),
(65, 1, 66),
(66, 1, 67),
(67, 1, 68),
(68, 1, 69),
(69, 1, 70),
(70, 1, 71),
(71, 1, 72),
(72, 1, 73),
(73, 1, 74),
(74, 1, 75),
(75, 1, 76),
(76, 1, 77),
(77, 1, 78),
(78, 1, 79),
(79, 1, 80),
(80, 1, 81),
(81, 1, 82),
(82, 1, 83),
(83, 1, 84),
(84, 1, 85),
(85, 1, 86),
(86, 1, 87),
(87, 1, 88),
(88, 1, 89),
(89, 1, 90),
(90, 1, 91),
(91, 1, 92),
(92, 1, 93),
(93, 1, 94),
(94, 1, 95),
(95, 1, 96),
(96, 1, 97),
(97, 1, 98),
(98, 1, 99),
(99, 1, 100);

-- --------------------------------------------------------

--
-- テーブルの構造 `reports`
--

CREATE TABLE `reports` (
  `id` bigint(20) UNSIGNED NOT NULL,
  `declaration_id` bigint(20) UNSIGNED NOT NULL,
  `rate` int(11) NOT NULL,
  `execution` int(11) NOT NULL,
  `body` text NOT NULL,
  `created_at` timestamp NULL DEFAULT NULL,
  `updated_at` timestamp NULL DEFAULT NULL
) ENGINE=InnoDB DEFAULT CHARSET=utf8mb4;

-- --------------------------------------------------------

--
-- テーブルの構造 `report_comments`
--

CREATE TABLE `report_comments` (
  `id` bigint(20) UNSIGNED NOT NULL,
  `report_id` bigint(20) UNSIGNED NOT NULL,
  `user_id` bigint(20) UNSIGNED NOT NULL,
  `body` text NOT NULL,
  `created_at` timestamp NULL DEFAULT NULL,
  `updated_at` timestamp NULL DEFAULT NULL
) ENGINE=InnoDB DEFAULT CHARSET=utf8mb4;

-- --------------------------------------------------------

--
-- テーブルの構造 `tags`
--

CREATE TABLE `tags` (
  `id` bigint(20) UNSIGNED NOT NULL,
  `name` varchar(255) NOT NULL
) ENGINE=InnoDB DEFAULT CHARSET=utf8;

--
-- テーブルのデータのダンプ `tags`
--

INSERT INTO `tags` (`id`, `name`) VALUES
(1, 'Hic iste.'),
(2, 'Autem.'),
(3, 'Error.'),
(4, 'Reprehenderit.'),
(5, 'Nisi.'),
(6, 'Saepe.'),
(7, 'Nisi ea.'),
(8, 'Amet.'),
(9, 'Quidem deleniti.'),
(10, 'Odio.'),
(11, 'Delectus nisi.'),
(12, 'Et.'),
(13, 'Ut omnis.'),
(14, 'Qui illo.'),
(15, 'Ad eos.'),
(16, 'Ex et.'),
(17, 'Nemo delectus.'),
(18, 'Fugiat quidem.'),
(19, 'Sint earum.'),
(20, 'Repellat.'),
(21, 'Aut.'),
(22, 'Modi similique.'),
(23, 'Quia sed.'),
(24, 'Eos ut.'),
(25, 'Aspernatur.'),
(26, 'Consequatur vitae.'),
(27, 'Sed.'),
(28, 'Reiciendis voluptas.'),
(29, 'Esse.'),
(30, 'Nihil non.'),
(31, 'Iusto inventore.'),
(32, 'Ut aut.'),
(33, 'Id.'),
(34, 'Maxime sed.'),
(35, 'Qui provident.'),
(36, 'Voluptatem.'),
(37, 'Et consequuntur.'),
(38, 'At temporibus.'),
(39, 'Officia esse.'),
(40, 'Excepturi.'),
(41, 'Libero.'),
(42, 'Cupiditate similique.'),
(43, 'Modi tempora.'),
(44, 'Neque excepturi.'),
(45, 'Eos.'),
(46, 'Fugiat.'),
(47, 'Et.'),
(48, 'Assumenda.'),
(49, 'Dolor.'),
(50, 'Mollitia.');

-- --------------------------------------------------------

--
-- テーブルの構造 `users`
--

CREATE TABLE `users` (
  `id` bigint(20) UNSIGNED NOT NULL,
  `name` varchar(255) NOT NULL,
  `body` varchar(255) DEFAULT 'よろしくお願いします。',
  `email` varchar(255) NOT NULL,
  `email_verified_at` timestamp NULL DEFAULT NULL,
  `password` varchar(255) NOT NULL,
  `image` varchar(255) DEFAULT NULL,
  `admin` int(11) NOT NULL DEFAULT '0',
  `del_flg` int(11) NOT NULL DEFAULT '0',
  `remember_token` varchar(100) DEFAULT NULL,
  `created_at` timestamp NULL DEFAULT NULL,
  `updated_at` timestamp NULL DEFAULT NULL
) ENGINE=InnoDB DEFAULT CHARSET=utf8mb4;

--
-- テーブルのデータのダンプ `users`
--

INSERT INTO `users` (`id`, `name`, `body`, `email`, `email_verified_at`, `password`, `image`, `admin`, `del_flg`, `remember_token`, `created_at`, `updated_at`) VALUES
(1, '管理者', 'よろしくお願いします。', 'admin@gmail.com', '2022-08-14 09:19:34', '$2y$10$.DYLqryCiDaguTDLCtJkJOb1MQ4CIMbA04Myfj0llkFqyzfNf0K2K', NULL, 1, 0, 'oyg9QB9HRU', '2022-08-14 09:19:34', '2022-08-14 09:19:34'),
(2, '一般ユーザー', 'よろしくお願いします。', 'user@gmail.com', '2022-08-14 09:19:34', '$2y$10$r2eNBoROTN4iVfWmEgWEyezLToD6rQ1bwYqiRcN8xbYw12wfWliC.', NULL, 0, 0, 'ZWRKmqx8cvrW1RaEYMCpu0Aq2qwn3RQbpOe2JAr3n7yErXlXQCvdsISgahKA', '2022-08-14 09:19:34', '2022-08-14 09:19:34'),
(3, '井高 真綾', 'よろしくお願いします。', 'rei34@example.com', '2022-08-14 09:19:34', '$2y$10$92IXUNpkjO0rOQ5byMi.Ye4oKoEa3Ro9llC/.og/at2.uheWG/igi', NULL, 0, 0, 'ICnsB4kHgj', '2022-08-14 09:19:34', '2022-08-14 09:19:34'),
(4, '渡辺 英樹', 'よろしくお願いします。', 'mai.harada@example.net', '2022-08-14 09:19:34', '$2y$10$92IXUNpkjO0rOQ5byMi.Ye4oKoEa3Ro9llC/.og/at2.uheWG/igi', NULL, 0, 0, '2yRJ8MYuRb', '2022-08-14 09:19:34', '2022-08-14 09:19:34'),
(5, '田辺 香織', 'よろしくお願いします。', 'charada@example.com', '2022-08-14 09:19:34', '$2y$10$92IXUNpkjO0rOQ5byMi.Ye4oKoEa3Ro9llC/.og/at2.uheWG/igi', NULL, 0, 0, 'nrohRmoQYg', '2022-08-14 09:19:34', '2022-08-14 09:19:34'),
(6, '山口 健一', 'よろしくお願いします。', 'fujimoto.taro@example.net', '2022-08-14 09:19:34', '$2y$10$92IXUNpkjO0rOQ5byMi.Ye4oKoEa3Ro9llC/.og/at2.uheWG/igi', NULL, 0, 0, 'HTVpchmgSW', '2022-08-14 09:19:34', '2022-08-14 09:19:34'),
(7, '伊藤 直樹', 'よろしくお願いします。', 'shuhei.sasaki@example.net', '2022-08-14 09:19:34', '$2y$10$92IXUNpkjO0rOQ5byMi.Ye4oKoEa3Ro9llC/.og/at2.uheWG/igi', NULL, 0, 0, '1QG75KTJfF', '2022-08-14 09:19:34', '2022-08-14 09:19:34'),
(8, '渚 康弘', 'よろしくお願いします。', 'kenichi.tsuda@example.net', '2022-08-14 09:19:34', '$2y$10$92IXUNpkjO0rOQ5byMi.Ye4oKoEa3Ro9llC/.og/at2.uheWG/igi', NULL, 0, 0, '8QfdTSKMDL', '2022-08-14 09:19:34', '2022-08-14 09:19:34'),
(9, '青山 花子', 'よろしくお願いします。', 'kondo.minoru@example.com', '2022-08-14 09:19:34', '$2y$10$92IXUNpkjO0rOQ5byMi.Ye4oKoEa3Ro9llC/.og/at2.uheWG/igi', NULL, 0, 0, '0TMVGH2jcD', '2022-08-14 09:19:34', '2022-08-14 09:19:34'),
(10, '坂本 太一', 'よろしくお願いします。', 'osamu.takahashi@example.org', '2022-08-14 09:19:34', '$2y$10$92IXUNpkjO0rOQ5byMi.Ye4oKoEa3Ro9llC/.og/at2.uheWG/igi', NULL, 0, 0, 'oH5Ear7HD8', '2022-08-14 09:19:34', '2022-08-14 09:19:34'),
(11, '杉山 桃子', 'よろしくお願いします。', 'rei20@example.com', '2022-08-14 09:19:34', '$2y$10$92IXUNpkjO0rOQ5byMi.Ye4oKoEa3Ro9llC/.og/at2.uheWG/igi', NULL, 0, 0, '0Xr2VduKIo', '2022-08-14 09:19:34', '2022-08-14 09:19:34'),
(12, '桐山 直人', 'よろしくお願いします。', 'shota.watanabe@example.net', '2022-08-14 09:19:34', '$2y$10$92IXUNpkjO0rOQ5byMi.Ye4oKoEa3Ro9llC/.og/at2.uheWG/igi', NULL, 0, 0, '6XQFgxf11F', '2022-08-14 09:19:34', '2022-08-14 09:19:34'),
(13, '三宅 陽一', 'よろしくお願いします。', 'naoto65@example.com', '2022-08-14 09:19:34', '$2y$10$92IXUNpkjO0rOQ5byMi.Ye4oKoEa3Ro9llC/.og/at2.uheWG/igi', NULL, 0, 0, 'EU8aP8gjwy', '2022-08-14 09:19:34', '2022-08-14 09:19:34'),
(14, '鈴木 千代', 'よろしくお願いします。', 'ryohei.fujimoto@example.com', '2022-08-14 09:19:34', '$2y$10$92IXUNpkjO0rOQ5byMi.Ye4oKoEa3Ro9llC/.og/at2.uheWG/igi', NULL, 0, 0, 'JCxjmBDHmV', '2022-08-14 09:19:34', '2022-08-14 09:19:34'),
(15, '佐藤 直子', 'よろしくお願いします。', 'akira22@example.org', '2022-08-14 09:19:34', '$2y$10$92IXUNpkjO0rOQ5byMi.Ye4oKoEa3Ro9llC/.og/at2.uheWG/igi', NULL, 0, 0, 'shPtIp8i2U', '2022-08-14 09:19:34', '2022-08-14 09:19:34'),
(16, '村山 幹', 'よろしくお願いします。', 'aota.rei@example.net', '2022-08-14 09:19:34', '$2y$10$92IXUNpkjO0rOQ5byMi.Ye4oKoEa3Ro9llC/.og/at2.uheWG/igi', NULL, 0, 0, 'zWU7Y0BueS', '2022-08-14 09:19:34', '2022-08-14 09:19:34'),
(17, '大垣 太一', 'よろしくお願いします。', 'chiyo.sasaki@example.com', '2022-08-14 09:19:34', '$2y$10$92IXUNpkjO0rOQ5byMi.Ye4oKoEa3Ro9llC/.og/at2.uheWG/igi', NULL, 0, 0, 'Eepkt6W5dP', '2022-08-14 09:19:34', '2022-08-14 09:19:34'),
(18, '山田 翔太', 'よろしくお願いします。', 'maaya.sasada@example.com', '2022-08-14 09:19:34', '$2y$10$92IXUNpkjO0rOQ5byMi.Ye4oKoEa3Ro9llC/.og/at2.uheWG/igi', NULL, 0, 0, 'CrIIk4vi9c', '2022-08-14 09:19:34', '2022-08-14 09:19:34'),
(19, '山田 裕太', 'よろしくお願いします。', 'kimura.soutaro@example.org', '2022-08-14 09:19:34', '$2y$10$92IXUNpkjO0rOQ5byMi.Ye4oKoEa3Ro9llC/.og/at2.uheWG/igi', NULL, 0, 0, '0vn7bcPHNj', '2022-08-14 09:19:34', '2022-08-14 09:19:34'),
(20, '佐々木 花子', 'よろしくお願いします。', 'osaito@example.org', '2022-08-14 09:19:34', '$2y$10$92IXUNpkjO0rOQ5byMi.Ye4oKoEa3Ro9llC/.og/at2.uheWG/igi', NULL, 0, 0, '2UugSIHMqr', '2022-08-14 09:19:34', '2022-08-14 09:19:34'),
(21, '鈴木 花子', 'よろしくお願いします。', 'kondo.naoko@example.net', '2022-08-14 09:19:34', '$2y$10$92IXUNpkjO0rOQ5byMi.Ye4oKoEa3Ro9llC/.og/at2.uheWG/igi', NULL, 0, 0, 'MgHAXvImnH', '2022-08-14 09:19:34', '2022-08-14 09:19:34'),
(22, '吉田 聡太郎', 'よろしくお願いします。', 'sayuri24@example.net', '2022-08-14 09:19:34', '$2y$10$92IXUNpkjO0rOQ5byMi.Ye4oKoEa3Ro9llC/.og/at2.uheWG/igi', NULL, 0, 0, 'wbVZLy68WM', '2022-08-14 09:19:34', '2022-08-14 09:19:34'),
(23, '山口 康弘', 'よろしくお願いします。', 'hanako67@example.com', '2022-08-14 09:19:34', '$2y$10$92IXUNpkjO0rOQ5byMi.Ye4oKoEa3Ro9llC/.og/at2.uheWG/igi', NULL, 0, 0, '0cmVwJM0Ow', '2022-08-14 09:19:34', '2022-08-14 09:19:34'),
(24, '山本 康弘', 'よろしくお願いします。', 'yoko04@example.net', '2022-08-14 09:19:34', '$2y$10$92IXUNpkjO0rOQ5byMi.Ye4oKoEa3Ro9llC/.og/at2.uheWG/igi', NULL, 0, 0, 'D6SeivEFNq', '2022-08-14 09:19:34', '2022-08-14 09:19:34'),
(25, '石田 涼平', 'よろしくお願いします。', 'kana63@example.net', '2022-08-14 09:19:34', '$2y$10$92IXUNpkjO0rOQ5byMi.Ye4oKoEa3Ro9llC/.og/at2.uheWG/igi', NULL, 0, 0, 'MT3tOIsQmE', '2022-08-14 09:19:34', '2022-08-14 09:19:34'),
(26, '田中 洋介', 'よろしくお願いします。', 'akato@example.net', '2022-08-14 09:19:34', '$2y$10$92IXUNpkjO0rOQ5byMi.Ye4oKoEa3Ro9llC/.og/at2.uheWG/igi', NULL, 0, 0, 'RWxo8NY9Gq', '2022-08-14 09:19:34', '2022-08-14 09:19:34'),
(27, '廣川 陽一', 'よろしくお願いします。', 'uhirokawa@example.org', '2022-08-14 09:19:34', '$2y$10$92IXUNpkjO0rOQ5byMi.Ye4oKoEa3Ro9llC/.og/at2.uheWG/igi', NULL, 0, 0, 'mLAAlpTcsl', '2022-08-14 09:19:34', '2022-08-14 09:19:34'),
(28, '桐山 舞', 'よろしくお願いします。', 'yosuke.tsuda@example.org', '2022-08-14 09:19:34', '$2y$10$92IXUNpkjO0rOQ5byMi.Ye4oKoEa3Ro9llC/.og/at2.uheWG/igi', NULL, 0, 0, 'qlv3P7u0nn', '2022-08-14 09:19:34', '2022-08-14 09:19:34'),
(29, '中村 陽子', 'よろしくお願いします。', 'kanou.taichi@example.com', '2022-08-14 09:19:34', '$2y$10$92IXUNpkjO0rOQ5byMi.Ye4oKoEa3Ro9llC/.og/at2.uheWG/igi', NULL, 0, 0, 'aCnVjF0NHo', '2022-08-14 09:19:34', '2022-08-14 09:19:34'),
(30, '吉本 結衣', 'よろしくお願いします。', 'dtsuda@example.net', '2022-08-14 09:19:34', '$2y$10$92IXUNpkjO0rOQ5byMi.Ye4oKoEa3Ro9llC/.og/at2.uheWG/igi', NULL, 0, 0, 'oVYn9xJt8z', '2022-08-14 09:19:34', '2022-08-14 09:19:34'),
(31, '中津川 春香', 'よろしくお願いします。', 'kmurayama@example.org', '2022-08-14 09:19:34', '$2y$10$92IXUNpkjO0rOQ5byMi.Ye4oKoEa3Ro9llC/.og/at2.uheWG/igi', NULL, 0, 0, 'frRU0z6xHo', '2022-08-14 09:19:34', '2022-08-14 09:19:34'),
(32, '松本 明美', 'よろしくお願いします。', 'chiyo.fujimoto@example.net', '2022-08-14 09:19:34', '$2y$10$92IXUNpkjO0rOQ5byMi.Ye4oKoEa3Ro9llC/.og/at2.uheWG/igi', NULL, 0, 0, 'tXz8JhR8wQ', '2022-08-14 09:19:34', '2022-08-14 09:19:34'),
(33, '斉藤 涼平', 'よろしくお願いします。', 'ztanabe@example.com', '2022-08-14 09:19:34', '$2y$10$92IXUNpkjO0rOQ5byMi.Ye4oKoEa3Ro9llC/.og/at2.uheWG/igi', NULL, 0, 0, '9XtW9Co4QW', '2022-08-14 09:19:34', '2022-08-14 09:19:34'),
(34, '渡辺 英樹', 'よろしくお願いします。', 'yuta.ekoda@example.org', '2022-08-14 09:19:34', '$2y$10$92IXUNpkjO0rOQ5byMi.Ye4oKoEa3Ro9llC/.og/at2.uheWG/igi', NULL, 0, 0, 'ntkjrJP45t', '2022-08-14 09:19:34', '2022-08-14 09:19:34'),
(35, '渡辺 桃子', 'よろしくお願いします。', 'kumiko.yamada@example.net', '2022-08-14 09:19:34', '$2y$10$92IXUNpkjO0rOQ5byMi.Ye4oKoEa3Ro9llC/.og/at2.uheWG/igi', NULL, 0, 0, 'XZ64SXSEKJ', '2022-08-14 09:19:34', '2022-08-14 09:19:34'),
(36, '加藤 あすか', 'よろしくお願いします。', 'taichi75@example.net', '2022-08-14 09:19:34', '$2y$10$92IXUNpkjO0rOQ5byMi.Ye4oKoEa3Ro9llC/.og/at2.uheWG/igi', NULL, 0, 0, 'prEbK0mM9y', '2022-08-14 09:19:34', '2022-08-14 09:19:34'),
(37, '三宅 千代', 'よろしくお願いします。', 'sugiyama.kana@example.com', '2022-08-14 09:19:34', '$2y$10$92IXUNpkjO0rOQ5byMi.Ye4oKoEa3Ro9llC/.og/at2.uheWG/igi', NULL, 0, 0, 'jThpcJmzKS', '2022-08-14 09:19:34', '2022-08-14 09:19:34'),
(38, '中島 充', 'よろしくお願いします。', 'kiriyama.tomoya@example.com', '2022-08-14 09:19:34', '$2y$10$92IXUNpkjO0rOQ5byMi.Ye4oKoEa3Ro9llC/.og/at2.uheWG/igi', NULL, 0, 0, 'suh8VGkqFq', '2022-08-14 09:19:34', '2022-08-14 09:19:34'),
(39, '西之園 淳', 'よろしくお願いします。', 'shota.fujimoto@example.org', '2022-08-14 09:19:34', '$2y$10$92IXUNpkjO0rOQ5byMi.Ye4oKoEa3Ro9llC/.og/at2.uheWG/igi', NULL, 0, 0, 'k6pYHUzd3e', '2022-08-14 09:19:34', '2022-08-14 09:19:34'),
(40, '佐藤 裕太', 'よろしくお願いします。', 'nanami67@example.net', '2022-08-14 09:19:34', '$2y$10$92IXUNpkjO0rOQ5byMi.Ye4oKoEa3Ro9llC/.og/at2.uheWG/igi', NULL, 0, 0, '7ujvwmc4U1', '2022-08-14 09:19:34', '2022-08-14 09:19:34'),
(41, '吉本 翼', 'よろしくお願いします。', 'tomoya35@example.com', '2022-08-14 09:19:34', '$2y$10$92IXUNpkjO0rOQ5byMi.Ye4oKoEa3Ro9llC/.og/at2.uheWG/igi', NULL, 0, 0, 'oBqOSVH4qu', '2022-08-14 09:19:34', '2022-08-14 09:19:34'),
(42, '松本 涼平', 'よろしくお願いします。', 'shota.aota@example.org', '2022-08-14 09:19:34', '$2y$10$92IXUNpkjO0rOQ5byMi.Ye4oKoEa3Ro9llC/.og/at2.uheWG/igi', NULL, 0, 0, 'gruI4CIxWC', '2022-08-14 09:19:34', '2022-08-14 09:19:34'),
(43, '原田 さゆり', 'よろしくお願いします。', 'yoko.saito@example.com', '2022-08-14 09:19:34', '$2y$10$92IXUNpkjO0rOQ5byMi.Ye4oKoEa3Ro9llC/.og/at2.uheWG/igi', NULL, 0, 0, 'Ff5piYoeNj', '2022-08-14 09:19:34', '2022-08-14 09:19:34'),
(44, '斉藤 充', 'よろしくお願いします。', 'aota.osamu@example.net', '2022-08-14 09:19:34', '$2y$10$92IXUNpkjO0rOQ5byMi.Ye4oKoEa3Ro9llC/.og/at2.uheWG/igi', NULL, 0, 0, 'nLjD5LvMO7', '2022-08-14 09:19:34', '2022-08-14 09:19:34'),
(45, '青山 結衣', 'よろしくお願いします。', 'jhirokawa@example.com', '2022-08-14 09:19:34', '$2y$10$92IXUNpkjO0rOQ5byMi.Ye4oKoEa3Ro9llC/.og/at2.uheWG/igi', NULL, 0, 0, 'wS05IGVjKo', '2022-08-14 09:19:34', '2022-08-14 09:19:34'),
(46, '鈴木 幹', 'よろしくお願いします。', 'taichi.sasaki@example.org', '2022-08-14 09:19:34', '$2y$10$92IXUNpkjO0rOQ5byMi.Ye4oKoEa3Ro9llC/.og/at2.uheWG/igi', NULL, 0, 0, 'DNI1ufkWpl', '2022-08-14 09:19:34', '2022-08-14 09:19:34'),
(47, '井高 結衣', 'よろしくお願いします。', 'miki.yamada@example.org', '2022-08-14 09:19:34', '$2y$10$92IXUNpkjO0rOQ5byMi.Ye4oKoEa3Ro9llC/.og/at2.uheWG/igi', NULL, 0, 0, 'eLZDTPYcfV', '2022-08-14 09:19:34', '2022-08-14 09:19:34'),
(48, '中津川 花子', 'よろしくお願いします。', 'kenichi.yamaguchi@example.org', '2022-08-14 09:19:34', '$2y$10$92IXUNpkjO0rOQ5byMi.Ye4oKoEa3Ro9llC/.og/at2.uheWG/igi', NULL, 0, 0, 'ouYxWtDu0p', '2022-08-14 09:19:34', '2022-08-14 09:19:34'),
(49, '青山 学', 'よろしくお願いします。', 'sato.yoko@example.org', '2022-08-14 09:19:34', '$2y$10$92IXUNpkjO0rOQ5byMi.Ye4oKoEa3Ro9llC/.og/at2.uheWG/igi', NULL, 0, 0, 'bjFH1dg6GO', '2022-08-14 09:19:34', '2022-08-14 09:19:34'),
(50, '田辺 拓真', 'よろしくお願いします。', 'suzuki.sayuri@example.net', '2022-08-14 09:19:34', '$2y$10$92IXUNpkjO0rOQ5byMi.Ye4oKoEa3Ro9llC/.og/at2.uheWG/igi', NULL, 0, 0, '3DkZXKgU76', '2022-08-14 09:19:34', '2022-08-14 09:19:34'),
(51, '井高 直樹', 'よろしくお願いします。', 'hanako.tsuda@example.com', '2022-08-14 09:19:34', '$2y$10$92IXUNpkjO0rOQ5byMi.Ye4oKoEa3Ro9llC/.og/at2.uheWG/igi', NULL, 0, 0, 'pqvOMBbxoV', '2022-08-14 09:19:34', '2022-08-14 09:19:34'),
(52, '宮沢 真綾', 'よろしくお願いします。', 'jun.nomura@example.org', '2022-08-14 09:19:34', '$2y$10$92IXUNpkjO0rOQ5byMi.Ye4oKoEa3Ro9llC/.og/at2.uheWG/igi', NULL, 0, 0, 'r0JwSj2NFC', '2022-08-14 09:19:34', '2022-08-14 09:19:34'),
(53, '吉田 加奈', 'よろしくお願いします。', 'kiriyama.naoko@example.com', '2022-08-14 09:19:34', '$2y$10$92IXUNpkjO0rOQ5byMi.Ye4oKoEa3Ro9llC/.og/at2.uheWG/igi', NULL, 0, 0, 'fSHYeaJedS', '2022-08-14 09:19:34', '2022-08-14 09:19:34'),
(54, '宇野 香織', 'よろしくお願いします。', 'nakatsugawa.atsushi@example.org', '2022-08-14 09:19:34', '$2y$10$92IXUNpkjO0rOQ5byMi.Ye4oKoEa3Ro9llC/.og/at2.uheWG/igi', NULL, 0, 0, 'QKYSqqvTn1', '2022-08-14 09:19:34', '2022-08-14 09:19:34'),
(55, '加藤 康弘', 'よろしくお願いします。', 'koizumi.taichi@example.net', '2022-08-14 09:19:34', '$2y$10$92IXUNpkjO0rOQ5byMi.Ye4oKoEa3Ro9llC/.og/at2.uheWG/igi', NULL, 0, 0, 'E1K64uC853', '2022-08-14 09:19:34', '2022-08-14 09:19:34'),
(56, '喜嶋 裕太', 'よろしくお願いします。', 'nagisa.akira@example.org', '2022-08-14 09:19:34', '$2y$10$92IXUNpkjO0rOQ5byMi.Ye4oKoEa3Ro9llC/.og/at2.uheWG/igi', NULL, 0, 0, 'xdMKxB07j9', '2022-08-14 09:19:34', '2022-08-14 09:19:34'),
(57, '佐々木 裕美子', 'よろしくお願いします。', 'tomoya02@example.net', '2022-08-14 09:19:34', '$2y$10$92IXUNpkjO0rOQ5byMi.Ye4oKoEa3Ro9llC/.og/at2.uheWG/igi', NULL, 0, 0, 'vclcawUJra', '2022-08-14 09:19:34', '2022-08-14 09:19:34'),
(58, '吉田 春香', 'よろしくお願いします。', 'minoru.tanabe@example.net', '2022-08-14 09:19:34', '$2y$10$92IXUNpkjO0rOQ5byMi.Ye4oKoEa3Ro9llC/.og/at2.uheWG/igi', NULL, 0, 0, 'PdHVfDUsXe', '2022-08-14 09:19:34', '2022-08-14 09:19:34'),
(59, '村山 さゆり', 'よろしくお願いします。', 'naoto23@example.net', '2022-08-14 09:19:34', '$2y$10$92IXUNpkjO0rOQ5byMi.Ye4oKoEa3Ro9llC/.og/at2.uheWG/igi', NULL, 0, 0, 'cy3qZNBzfa', '2022-08-14 09:19:34', '2022-08-14 09:19:34'),
(60, '石田 治', 'よろしくお願いします。', 'haruka04@example.com', '2022-08-14 09:19:34', '$2y$10$92IXUNpkjO0rOQ5byMi.Ye4oKoEa3Ro9llC/.og/at2.uheWG/igi', NULL, 0, 0, 'vvuQHqogYc', '2022-08-14 09:19:34', '2022-08-14 09:19:34'),
(61, '山田 太郎', 'よろしくお願いします。', 'hiroshi.harada@example.net', '2022-08-14 09:19:34', '$2y$10$92IXUNpkjO0rOQ5byMi.Ye4oKoEa3Ro9llC/.og/at2.uheWG/igi', NULL, 0, 0, 'FdhyE6Tdq7', '2022-08-14 09:19:34', '2022-08-14 09:19:34'),
(62, '鈴木 あすか', 'よろしくお願いします。', 'yuta.murayama@example.net', '2022-08-14 09:19:34', '$2y$10$92IXUNpkjO0rOQ5byMi.Ye4oKoEa3Ro9llC/.og/at2.uheWG/igi', NULL, 0, 0, '6u4RGn9sPX', '2022-08-14 09:19:34', '2022-08-14 09:19:34'),
(63, '江古田 桃子', 'よろしくお願いします。', 'chiyo.ogaki@example.org', '2022-08-14 09:19:34', '$2y$10$92IXUNpkjO0rOQ5byMi.Ye4oKoEa3Ro9llC/.og/at2.uheWG/igi', NULL, 0, 0, 'tEyosS0a7b', '2022-08-14 09:19:34', '2022-08-14 09:19:34'),
(64, '近藤 真綾', 'よろしくお願いします。', 'usato@example.net', '2022-08-14 09:19:34', '$2y$10$92IXUNpkjO0rOQ5byMi.Ye4oKoEa3Ro9llC/.og/at2.uheWG/igi', NULL, 0, 0, 'bNgUusGZlJ', '2022-08-14 09:19:34', '2022-08-14 09:19:34'),
(65, '吉田 幹', 'よろしくお願いします。', 'yoko.idaka@example.org', '2022-08-14 09:19:34', '$2y$10$92IXUNpkjO0rOQ5byMi.Ye4oKoEa3Ro9llC/.og/at2.uheWG/igi', NULL, 0, 0, '6XP5Fdad7N', '2022-08-14 09:19:34', '2022-08-14 09:19:34'),
(66, '浜田 里佳', 'よろしくお願いします。', 'kana.wakamatsu@example.org', '2022-08-14 09:19:34', '$2y$10$92IXUNpkjO0rOQ5byMi.Ye4oKoEa3Ro9llC/.og/at2.uheWG/igi', NULL, 0, 0, 'BxrjTo7NTN', '2022-08-14 09:19:34', '2022-08-14 09:19:34'),
(67, '江古田 太郎', 'よろしくお願いします。', 'yuta43@example.net', '2022-08-14 09:19:34', '$2y$10$92IXUNpkjO0rOQ5byMi.Ye4oKoEa3Ro9llC/.og/at2.uheWG/igi', NULL, 0, 0, 'YzmBdlZD7h', '2022-08-14 09:19:34', '2022-08-14 09:19:34'),
(68, '喜嶋 明美', 'よろしくお願いします。', 'yosuke.ito@example.net', '2022-08-14 09:19:34', '$2y$10$92IXUNpkjO0rOQ5byMi.Ye4oKoEa3Ro9llC/.og/at2.uheWG/igi', NULL, 0, 0, 'cdHAG9KSGI', '2022-08-14 09:19:34', '2022-08-14 09:19:34'),
(69, '山田 直子', 'よろしくお願いします。', 'rkanou@example.org', '2022-08-14 09:19:34', '$2y$10$92IXUNpkjO0rOQ5byMi.Ye4oKoEa3Ro9llC/.og/at2.uheWG/igi', NULL, 0, 0, 'AUckQ4Lf6X', '2022-08-14 09:19:34', '2022-08-14 09:19:34'),
(70, '吉本 さゆり', 'よろしくお願いします。', 'minoru.kondo@example.com', '2022-08-14 09:19:34', '$2y$10$92IXUNpkjO0rOQ5byMi.Ye4oKoEa3Ro9llC/.og/at2.uheWG/igi', NULL, 0, 0, 'l0CQaF9tZk', '2022-08-14 09:19:34', '2022-08-14 09:19:34'),
(71, '石田 涼平', 'よろしくお願いします。', 'mkanou@example.org', '2022-08-14 09:19:34', '$2y$10$92IXUNpkjO0rOQ5byMi.Ye4oKoEa3Ro9llC/.og/at2.uheWG/igi', NULL, 0, 0, 'I6A8RDDw1S', '2022-08-14 09:19:34', '2022-08-14 09:19:34'),
(72, '中村 拓真', 'よろしくお願いします。', 'jun.sasada@example.com', '2022-08-14 09:19:34', '$2y$10$92IXUNpkjO0rOQ5byMi.Ye4oKoEa3Ro9llC/.og/at2.uheWG/igi', NULL, 0, 0, 'ResdPFWBZY', '2022-08-14 09:19:34', '2022-08-14 09:19:34'),
(73, '加藤 健一', 'よろしくお願いします。', 'yuki.murayama@example.net', '2022-08-14 09:19:34', '$2y$10$92IXUNpkjO0rOQ5byMi.Ye4oKoEa3Ro9llC/.og/at2.uheWG/igi', NULL, 0, 0, 'jsS0SCFgNg', '2022-08-14 09:19:34', '2022-08-14 09:19:34'),
(74, '工藤 くみ子', 'よろしくお願いします。', 'yumiko.nagisa@example.net', '2022-08-14 09:19:34', '$2y$10$92IXUNpkjO0rOQ5byMi.Ye4oKoEa3Ro9llC/.og/at2.uheWG/igi', NULL, 0, 0, 'xm5SOYw74f', '2022-08-14 09:19:34', '2022-08-14 09:19:34'),
(75, '若松 里佳', 'よろしくお願いします。', 'manabu21@example.com', '2022-08-14 09:19:34', '$2y$10$92IXUNpkjO0rOQ5byMi.Ye4oKoEa3Ro9llC/.og/at2.uheWG/igi', NULL, 0, 0, 'jGAy9C9OuV', '2022-08-14 09:19:34', '2022-08-14 09:19:34'),
(76, '田辺 あすか', 'よろしくお願いします。', 'ttakahashi@example.net', '2022-08-14 09:19:34', '$2y$10$92IXUNpkjO0rOQ5byMi.Ye4oKoEa3Ro9llC/.og/at2.uheWG/igi', NULL, 0, 0, 'CFN2cLXkRh', '2022-08-14 09:19:34', '2022-08-14 09:19:34'),
(77, '加納 明美', 'よろしくお願いします。', 'hmatsumoto@example.com', '2022-08-14 09:19:34', '$2y$10$92IXUNpkjO0rOQ5byMi.Ye4oKoEa3Ro9llC/.og/at2.uheWG/igi', NULL, 0, 0, 'HZlsJGHWsM', '2022-08-14 09:19:34', '2022-08-14 09:19:34'),
(78, '藤本 裕美子', 'よろしくお願いします。', 'kato.mikako@example.com', '2022-08-14 09:19:34', '$2y$10$92IXUNpkjO0rOQ5byMi.Ye4oKoEa3Ro9llC/.og/at2.uheWG/igi', NULL, 0, 0, '92RnLtUsmw', '2022-08-14 09:19:34', '2022-08-14 09:19:34'),
(79, '田中 春香', 'よろしくお願いします。', 'sasada.momoko@example.org', '2022-08-14 09:19:34', '$2y$10$92IXUNpkjO0rOQ5byMi.Ye4oKoEa3Ro9llC/.og/at2.uheWG/igi', NULL, 0, 0, 'yuMnwIIdXt', '2022-08-14 09:19:34', '2022-08-14 09:19:34'),
(80, '笹田 舞', 'よろしくお願いします。', 'yoko.miyazawa@example.com', '2022-08-14 09:19:34', '$2y$10$92IXUNpkjO0rOQ5byMi.Ye4oKoEa3Ro9llC/.og/at2.uheWG/igi', NULL, 0, 0, 'LI7FONQNzN', '2022-08-14 09:19:34', '2022-08-14 09:19:34'),
(81, '三宅 拓真', 'よろしくお願いします。', 'ito.ryohei@example.net', '2022-08-14 09:19:34', '$2y$10$92IXUNpkjO0rOQ5byMi.Ye4oKoEa3Ro9llC/.og/at2.uheWG/igi', NULL, 0, 0, 'KU4BmYr26F', '2022-08-14 09:19:34', '2022-08-14 09:19:34'),
(82, '村山 知実', 'よろしくお願いします。', 'dtanabe@example.net', '2022-08-14 09:19:34', '$2y$10$92IXUNpkjO0rOQ5byMi.Ye4oKoEa3Ro9llC/.og/at2.uheWG/igi', NULL, 0, 0, 'HDqRVPwqfK', '2022-08-14 09:19:34', '2022-08-14 09:19:34'),
(83, '小林 里佳', 'よろしくお願いします。', 'waoyama@example.org', '2022-08-14 09:19:34', '$2y$10$92IXUNpkjO0rOQ5byMi.Ye4oKoEa3Ro9llC/.og/at2.uheWG/igi', NULL, 0, 0, 'aGS1ddvX2S', '2022-08-14 09:19:34', '2022-08-14 09:19:34'),
(84, '伊藤 くみ子', 'よろしくお願いします。', 'idaka.shota@example.org', '2022-08-14 09:19:34', '$2y$10$92IXUNpkjO0rOQ5byMi.Ye4oKoEa3Ro9llC/.og/at2.uheWG/igi', NULL, 0, 0, 'H3DBrrBUui', '2022-08-14 09:19:34', '2022-08-14 09:19:34'),
(85, '工藤 あすか', 'よろしくお願いします。', 'akira65@example.com', '2022-08-14 09:19:34', '$2y$10$92IXUNpkjO0rOQ5byMi.Ye4oKoEa3Ro9llC/.og/at2.uheWG/igi', NULL, 0, 0, 'O3fepukb2d', '2022-08-14 09:19:34', '2022-08-14 09:19:34'),
(86, '高橋 和也', 'よろしくお願いします。', 'rei.nomura@example.org', '2022-08-14 09:19:34', '$2y$10$92IXUNpkjO0rOQ5byMi.Ye4oKoEa3Ro9llC/.og/at2.uheWG/igi', NULL, 0, 0, 'FTlkYD04Yh', '2022-08-14 09:19:34', '2022-08-14 09:19:34'),
(87, '宇野 裕美子', 'よろしくお願いします。', 'wkiriyama@example.org', '2022-08-14 09:19:34', '$2y$10$92IXUNpkjO0rOQ5byMi.Ye4oKoEa3Ro9llC/.og/at2.uheWG/igi', NULL, 0, 0, 'c22R76DBnh', '2022-08-14 09:19:34', '2022-08-14 09:19:34'),
(88, '佐藤 真綾', 'よろしくお願いします。', 'asuka.kobayashi@example.net', '2022-08-14 09:19:34', '$2y$10$92IXUNpkjO0rOQ5byMi.Ye4oKoEa3Ro9llC/.og/at2.uheWG/igi', NULL, 0, 0, 'GxzIo4tG7R', '2022-08-14 09:19:34', '2022-08-14 09:19:34'),
(89, '中村 直子', 'よろしくお願いします。', 'amurayama@example.com', '2022-08-14 09:19:34', '$2y$10$92IXUNpkjO0rOQ5byMi.Ye4oKoEa3Ro9llC/.og/at2.uheWG/igi', NULL, 0, 0, '0LKUTdavjE', '2022-08-14 09:19:34', '2022-08-14 09:19:34'),
(90, '近藤 智也', 'よろしくお願いします。', 'haruka.idaka@example.net', '2022-08-14 09:19:34', '$2y$10$92IXUNpkjO0rOQ5byMi.Ye4oKoEa3Ro9llC/.og/at2.uheWG/igi', NULL, 0, 0, 'HqM9KKbxcg', '2022-08-14 09:19:34', '2022-08-14 09:19:34'),
(91, '青田 涼平', 'よろしくお願いします。', 'idaka.mitsuru@example.net', '2022-08-14 09:19:34', '$2y$10$92IXUNpkjO0rOQ5byMi.Ye4oKoEa3Ro9llC/.og/at2.uheWG/igi', NULL, 0, 0, 'qYB4ND1SBf', '2022-08-14 09:19:34', '2022-08-14 09:19:34'),
(92, '山口 千代', 'よろしくお願いします。', 'sasaki.jun@example.com', '2022-08-14 09:19:34', '$2y$10$92IXUNpkjO0rOQ5byMi.Ye4oKoEa3Ro9llC/.og/at2.uheWG/igi', NULL, 0, 0, '3QL4BLsisl', '2022-08-14 09:19:34', '2022-08-14 09:19:34'),
(93, '近藤 桃子', 'よろしくお願いします。', 'fkondo@example.org', '2022-08-14 09:19:34', '$2y$10$92IXUNpkjO0rOQ5byMi.Ye4oKoEa3Ro9llC/.og/at2.uheWG/igi', NULL, 0, 0, 'b5IuE1f2C1', '2022-08-14 09:19:34', '2022-08-14 09:19:34'),
(94, '津田 さゆり', 'よろしくお願いします。', 'tsubasa70@example.com', '2022-08-14 09:19:34', '$2y$10$92IXUNpkjO0rOQ5byMi.Ye4oKoEa3Ro9llC/.og/at2.uheWG/igi', NULL, 0, 0, '6r0hkyCOFe', '2022-08-14 09:19:34', '2022-08-14 09:19:34'),
(95, '高橋 明美', 'よろしくお願いします。', 'naoko55@example.org', '2022-08-14 09:19:34', '$2y$10$92IXUNpkjO0rOQ5byMi.Ye4oKoEa3Ro9llC/.og/at2.uheWG/igi', NULL, 0, 0, 'NzEXKjqVVt', '2022-08-14 09:19:34', '2022-08-14 09:19:34'),
(96, '藤本 七夏', 'よろしくお願いします。', 'idaka.mitsuru@example.com', '2022-08-14 09:19:34', '$2y$10$92IXUNpkjO0rOQ5byMi.Ye4oKoEa3Ro9llC/.og/at2.uheWG/igi', NULL, 0, 0, 'PctyFFejvq', '2022-08-14 09:19:34', '2022-08-14 09:19:34'),
(97, '山口 舞', 'よろしくお願いします。', 'yoko.kijima@example.net', '2022-08-14 09:19:34', '$2y$10$92IXUNpkjO0rOQ5byMi.Ye4oKoEa3Ro9llC/.og/at2.uheWG/igi', NULL, 0, 0, 'H9JWgYYXQM', '2022-08-14 09:19:34', '2022-08-14 09:19:34'),
(98, '井上 里佳', 'よろしくお願いします。', 'takuma.ogaki@example.net', '2022-08-14 09:19:34', '$2y$10$92IXUNpkjO0rOQ5byMi.Ye4oKoEa3Ro9llC/.og/at2.uheWG/igi', NULL, 0, 0, 'zOR63xCpGS', '2022-08-14 09:19:34', '2022-08-14 09:19:34'),
(99, '高橋 拓真', 'よろしくお願いします。', 'kato.rika@example.org', '2022-08-14 09:19:34', '$2y$10$92IXUNpkjO0rOQ5byMi.Ye4oKoEa3Ro9llC/.og/at2.uheWG/igi', NULL, 0, 0, 'yq4Q5j77ju', '2022-08-14 09:19:34', '2022-08-14 09:19:34'),
(100, '中津川 舞', 'よろしくお願いします。', 'mikako25@example.org', '2022-08-14 09:19:34', '$2y$10$92IXUNpkjO0rOQ5byMi.Ye4oKoEa3Ro9llC/.og/at2.uheWG/igi', NULL, 0, 0, '3P2bBV1DrD', '2022-08-14 09:19:34', '2022-08-14 09:19:34'),
(101, '小林 充', 'よろしくお願いします。', 'vnomura@example.com', '2022-08-14 09:19:34', '$2y$10$92IXUNpkjO0rOQ5byMi.Ye4oKoEa3Ro9llC/.og/at2.uheWG/igi', NULL, 0, 0, 'fCtJl8bPcX', '2022-08-14 09:19:34', '2022-08-14 09:19:34'),
(102, '村山 あすか', 'よろしくお願いします。', 'kanou.yuta@example.com', '2022-08-14 09:19:34', '$2y$10$92IXUNpkjO0rOQ5byMi.Ye4oKoEa3Ro9llC/.og/at2.uheWG/igi', NULL, 0, 0, 'XZKYrSPkzJmvu3ySQwkBP63XwGJvLtkyWHUovwLmIkJwYtDrKnfVGnvU2GW3', '2022-08-14 09:19:34', '2022-08-14 09:19:34');

--
-- ダンプしたテーブルのインデックス
--

--
-- テーブルのインデックス `declarations`
--
ALTER TABLE `declarations`
  ADD PRIMARY KEY (`id`),
  ADD KEY `declarations_user_id_foreign` (`user_id`);

--
-- テーブルのインデックス `declaration_comments`
--
ALTER TABLE `declaration_comments`
  ADD PRIMARY KEY (`id`),
  ADD KEY `declaration_comments_declaration_id_foreign` (`declaration_id`),
  ADD KEY `declaration_comments_user_id_foreign` (`user_id`);

--
-- テーブルのインデックス `declaration_tag`
--
ALTER TABLE `declaration_tag`
  ADD KEY `declaration_tag_declaration_id_foreign` (`declaration_id`),
  ADD KEY `declaration_tag_tag_id_foreign` (`tag_id`);

--
-- テーブルのインデックス `do_its`
--
ALTER TABLE `do_its`
  ADD KEY `do_its_user_id_foreign` (`user_id`),
  ADD KEY `do_its_declaration_id_foreign` (`declaration_id`);

--
-- テーブルのインデックス `failed_jobs`
--
ALTER TABLE `failed_jobs`
  ADD PRIMARY KEY (`id`),
  ADD UNIQUE KEY `failed_jobs_uuid_unique` (`uuid`);

--
-- テーブルのインデックス `good_works`
--
ALTER TABLE `good_works`
  ADD KEY `good_works_user_id_foreign` (`user_id`),
  ADD KEY `good_works_declaration_id_foreign` (`declaration_id`);

--
-- テーブルのインデックス `migrations`
--
ALTER TABLE `migrations`
  ADD PRIMARY KEY (`id`);

--
-- テーブルのインデックス `password_resets`
--
ALTER TABLE `password_resets`
  ADD KEY `password_resets_email_index` (`email`);

--
-- テーブルのインデックス `personal_access_tokens`
--
ALTER TABLE `personal_access_tokens`
  ADD PRIMARY KEY (`id`),
  ADD UNIQUE KEY `personal_access_tokens_token_unique` (`token`),
  ADD KEY `personal_access_tokens_tokenable_type_tokenable_id_index` (`tokenable_type`,`tokenable_id`);

--
-- テーブルのインデックス `relationships`
--
ALTER TABLE `relationships`
  ADD PRIMARY KEY (`id`),
  ADD UNIQUE KEY `relationships_user_id_following_user_id_unique` (`user_id`,`following_user_id`),
  ADD UNIQUE KEY `relationships_following_user_id_user_id_unique` (`following_user_id`,`user_id`);

--
-- テーブルのインデックス `reports`
--
ALTER TABLE `reports`
  ADD PRIMARY KEY (`id`),
  ADD KEY `reports_declaration_id_foreign` (`declaration_id`);

--
-- テーブルのインデックス `report_comments`
--
ALTER TABLE `report_comments`
  ADD PRIMARY KEY (`id`),
  ADD KEY `report_comments_report_id_foreign` (`report_id`),
  ADD KEY `report_comments_user_id_foreign` (`user_id`);

--
-- テーブルのインデックス `tags`
--
ALTER TABLE `tags`
  ADD PRIMARY KEY (`id`);

--
-- テーブルのインデックス `users`
--
ALTER TABLE `users`
  ADD PRIMARY KEY (`id`);

--
-- ダンプしたテーブルの AUTO_INCREMENT
--

--
-- テーブルの AUTO_INCREMENT `declarations`
--
ALTER TABLE `declarations`
  MODIFY `id` bigint(20) UNSIGNED NOT NULL AUTO_INCREMENT, AUTO_INCREMENT=101;

--
-- テーブルの AUTO_INCREMENT `declaration_comments`
--
ALTER TABLE `declaration_comments`
  MODIFY `id` bigint(20) UNSIGNED NOT NULL AUTO_INCREMENT, AUTO_INCREMENT=1001;

--
-- テーブルの AUTO_INCREMENT `failed_jobs`
--
ALTER TABLE `failed_jobs`
  MODIFY `id` bigint(20) UNSIGNED NOT NULL AUTO_INCREMENT;

--
-- テーブルの AUTO_INCREMENT `migrations`
--
ALTER TABLE `migrations`
  MODIFY `id` int(10) UNSIGNED NOT NULL AUTO_INCREMENT, AUTO_INCREMENT=14;

--
-- テーブルの AUTO_INCREMENT `personal_access_tokens`
--
ALTER TABLE `personal_access_tokens`
  MODIFY `id` bigint(20) UNSIGNED NOT NULL AUTO_INCREMENT;

--
-- テーブルの AUTO_INCREMENT `relationships`
--
ALTER TABLE `relationships`
  MODIFY `id` bigint(20) UNSIGNED NOT NULL AUTO_INCREMENT, AUTO_INCREMENT=100;

--
-- テーブルの AUTO_INCREMENT `reports`
--
ALTER TABLE `reports`
  MODIFY `id` bigint(20) UNSIGNED NOT NULL AUTO_INCREMENT;

--
-- テーブルの AUTO_INCREMENT `report_comments`
--
ALTER TABLE `report_comments`
  MODIFY `id` bigint(20) UNSIGNED NOT NULL AUTO_INCREMENT;

--
-- テーブルの AUTO_INCREMENT `tags`
--
ALTER TABLE `tags`
  MODIFY `id` bigint(20) UNSIGNED NOT NULL AUTO_INCREMENT, AUTO_INCREMENT=51;

--
-- テーブルの AUTO_INCREMENT `users`
--
ALTER TABLE `users`
  MODIFY `id` bigint(20) UNSIGNED NOT NULL AUTO_INCREMENT, AUTO_INCREMENT=103;

--
-- ダンプしたテーブルの制約
--

--
-- テーブルの制約 `declarations`
--
ALTER TABLE `declarations`
  ADD CONSTRAINT `declarations_user_id_foreign` FOREIGN KEY (`user_id`) REFERENCES `users` (`id`) ON DELETE CASCADE;

--
-- テーブルの制約 `declaration_comments`
--
ALTER TABLE `declaration_comments`
  ADD CONSTRAINT `declaration_comments_declaration_id_foreign` FOREIGN KEY (`declaration_id`) REFERENCES `declarations` (`id`) ON DELETE CASCADE,
  ADD CONSTRAINT `declaration_comments_user_id_foreign` FOREIGN KEY (`user_id`) REFERENCES `users` (`id`) ON DELETE CASCADE;

--
-- テーブルの制約 `declaration_tag`
--
ALTER TABLE `declaration_tag`
  ADD CONSTRAINT `declaration_tag_declaration_id_foreign` FOREIGN KEY (`declaration_id`) REFERENCES `declarations` (`id`) ON DELETE CASCADE,
  ADD CONSTRAINT `declaration_tag_tag_id_foreign` FOREIGN KEY (`tag_id`) REFERENCES `tags` (`id`) ON DELETE CASCADE;

--
-- テーブルの制約 `do_its`
--
ALTER TABLE `do_its`
  ADD CONSTRAINT `do_its_declaration_id_foreign` FOREIGN KEY (`declaration_id`) REFERENCES `declarations` (`id`) ON DELETE CASCADE,
  ADD CONSTRAINT `do_its_user_id_foreign` FOREIGN KEY (`user_id`) REFERENCES `users` (`id`) ON DELETE CASCADE;

--
-- テーブルの制約 `good_works`
--
ALTER TABLE `good_works`
  ADD CONSTRAINT `good_works_declaration_id_foreign` FOREIGN KEY (`declaration_id`) REFERENCES `declarations` (`id`) ON DELETE CASCADE,
  ADD CONSTRAINT `good_works_user_id_foreign` FOREIGN KEY (`user_id`) REFERENCES `users` (`id`) ON DELETE CASCADE;

--
-- テーブルの制約 `relationships`
--
ALTER TABLE `relationships`
  ADD CONSTRAINT `relationships_following_user_id_foreign` FOREIGN KEY (`following_user_id`) REFERENCES `users` (`id`),
  ADD CONSTRAINT `relationships_user_id_foreign` FOREIGN KEY (`user_id`) REFERENCES `users` (`id`);

--
-- テーブルの制約 `reports`
--
ALTER TABLE `reports`
  ADD CONSTRAINT `reports_declaration_id_foreign` FOREIGN KEY (`declaration_id`) REFERENCES `declarations` (`id`) ON DELETE CASCADE;

--
-- テーブルの制約 `report_comments`
--
ALTER TABLE `report_comments`
  ADD CONSTRAINT `report_comments_report_id_foreign` FOREIGN KEY (`report_id`) REFERENCES `reports` (`id`) ON DELETE CASCADE,
  ADD CONSTRAINT `report_comments_user_id_foreign` FOREIGN KEY (`user_id`) REFERENCES `users` (`id`) ON DELETE CASCADE;
COMMIT;

/*!40101 SET CHARACTER_SET_CLIENT=@OLD_CHARACTER_SET_CLIENT */;
/*!40101 SET CHARACTER_SET_RESULTS=@OLD_CHARACTER_SET_RESULTS */;
/*!40101 SET COLLATION_CONNECTION=@OLD_COLLATION_CONNECTION */;
